,id,first_name,last_name,specialty,sub_specialty,languages
0,1,Skippie,Wynch,Radiology,"Interventional Radiology, Neuroradiology, Breast Imaging, Musculoskeletal Radiology",English
1,2,Dallis,Maunsell,Internal Medicine,"Medical Oncology, Clinical Pharmacology","English, German"
2,3,Jasun,Durman,Endocrinology,Adrenal Disorders,"Arabic, Spanish"
3,4,Adriano,Aiers,Orthopedics,Spine Surgery,"English, Arabic"
4,5,Annie,Iacovielli,Rheumatology,"Rheumatoid Arthritis, Vasculitis",English
5,6,Lettie,Granger,Cardiology,"Heart Failure, Interventional Cardiology, Pediatric Cardiology",English
6,7,Anjela,Meugens,Ophthalmology,"Cornea, Glaucoma","Arabic, English"
7,8,Meade,Acuna,Radiology,Interventional Radiology,"English, Arabic"
8,9,Shalne,Laurand,Psychiatry,"Forensic Psychiatry, Geriatric Psychiatry","English, French"
9,10,Irvine,Hightown,Dermatology,"Dermatopathology, Cosmetic Dermatology, Pediatric Dermatology","French, English"
10,11,Marwin,Velez,Dermatology,Mohs Surgery,"Arabic, Spanish"
11,12,Lucho,Hugland,Pediatrics,Pediatric Infectious Diseases,"English, English"
12,13,Cherrita,Sinnat,Pulmonology,Pulmonary Hypertension,"Hindi, Spanish"
13,14,Trev,Dyne,Oncology,"Palliative Oncology, Hematologic Malignancies",English
14,15,Ario,Knights,Geriatrics,"Palliative Care, Memory Disorders, Falls and Balance, Multimorbidity",Arabic
15,16,Timmy,Davidovich,Otolaryngology,"Laryngology, Head and Neck Surgery, Rhinology, Otology","Urdu, Spanish"
16,17,Dav,Goodhand,Internal Medicine,"Medical Oncology, Hospital Medicine, Clinical Pharmacology",English
17,18,Carleen,Buckhurst,Oncology,"Palliative Oncology, Breast Cancer",Urdu
18,19,Tallia,Goodhay,Emergency Medicine,"Ultrasound, Disaster Medicine","Arabic, Arabic"
19,20,Thibaud,Garnall,Dermatology,"Dermatopathology, Mohs Surgery, Cosmetic Dermatology, Pediatric Dermatology",English
20,21,Ancell,Harmes,Emergency Medicine,"Ultrasound, Toxicology, Disaster Medicine, Pediatric Emergency Medicine","Arabic, English"
21,22,Yorgos,Yarrow,Dermatology,Cosmetic Dermatology,"English, Arabic"
22,23,Ealasaid,Pollard,Pediatrics,"Pediatric Cardiology, Pediatric Neurology, Pediatric Endocrinology",English
23,24,Aviva,Blewmen,General Surgery,"Breast Surgery, Trauma Surgery, Colorectal Surgery","English, Urdu"
24,25,Aleta,O'Halloran,Obstetrics and Gynecology,"Maternal-Fetal Medicine, Gynecologic Oncology, Urogynecology",Urdu
25,26,Gamaliel,Preshous,Orthopedics,"Pediatric Orthopedics, Sports Medicine, Spine Surgery, Joint Replacement","English, Urdu"
26,27,Yorker,Sahnow,Obstetrics and Gynecology,"Gynecologic Oncology, Reproductive Endocrinology, Maternal-Fetal Medicine, Urogynecology","English, Arabic"
27,28,Si,Doneld,Psychiatry,"Child and Adolescent Psychiatry, Addiction Psychiatry","German, Urdu"
28,29,Shirlee,Carrane,Hematology,"Lymphoma, Coagulation Disorders","English, German"
29,30,Rikki,O'Rowane,Geriatrics,"Memory Disorders, Falls and Balance, Multimorbidity, Palliative Care","English, Arabic"
30,31,Maura,Sango,Neurology,"Epilepsy, Stroke, Neuromuscular Disorders, Multiple Sclerosis","English, English"
31,32,Goober,Canty,Pediatrics,"Pediatric Neurology, Pediatric Endocrinology, Pediatric Infectious Diseases, Pediatric Cardiology",Arabic
32,33,Cybil,Cunah,Ophthalmology,"Retina, Pediatric Ophthalmology, Glaucoma, Cornea","Urdu, Hindi"
33,34,Benny,Gorst,General Surgery,Breast Surgery,"English, Urdu"
34,35,Kerrill,Vanderplas,Ophthalmology,"Cornea, Retina, Pediatric Ophthalmology","Arabic, Spanish"
35,36,Celle,Dewi,Dermatology,Pediatric Dermatology,"English, English"
36,37,Vale,Woollard,General Surgery,"Colorectal Surgery, Minimally Invasive Surgery, Trauma Surgery, Breast Surgery","English, Urdu"
37,38,Mira,Mankor,Oncology,"Palliative Oncology, Lung Cancer","Hindi, Hindi"
38,39,Yvonne,McNeil,Infectious Diseases,Tuberculosis,"Urdu, Arabic"
39,40,Eustacia,Eickhoff,Orthopedics,"Pediatric Orthopedics, Spine Surgery, Joint Replacement","English, German"
40,41,Leonora,Arlet,Endocrinology,"Adrenal Disorders, Diabetes, Pituitary Disorders, Thyroid Disorders","English, German"
41,42,Valida,Matisoff,Urology,Endourology,Arabic
42,43,Angele,Pellamont,General Surgery,Breast Surgery,"English, Spanish"
43,44,Filmore,Blair,Cardiology,"Pediatric Cardiology, Interventional Cardiology, Heart Failure","Hindi, English"
44,45,Lavena,Irdale,Ophthalmology,"Retina, Glaucoma, Pediatric Ophthalmology, Cornea","Hindi, Urdu"
45,46,Cherilyn,Corradengo,Nephrology,"Chronic Kidney Disease, Glomerular Diseases","Arabic, Hindi"
46,47,Aila,Corby,Pulmonology,"Sleep Medicine, Interstitial Lung Disease, Pulmonary Hypertension, Critical Care",German
47,48,Ralf,Dowbiggin,Nephrology,"Transplant Nephrology, Chronic Kidney Disease","Hindi, English"
48,49,Bettina,Gaggen,Radiology,"Interventional Radiology, Musculoskeletal Radiology, Neuroradiology, Breast Imaging",Spanish
49,50,Donelle,Christian,Otolaryngology,Rhinology,"English, German"
50,51,Jennine,Roycroft,Oncology,"Breast Cancer, Hematologic Malignancies","English, Hindi"
51,52,Roxine,Nijs,Pulmonology,"Sleep Medicine, Critical Care","Hindi, Spanish"
52,53,Julian,Jindra,Rheumatology,Rheumatoid Arthritis,English
53,54,Blisse,Lycett,Nephrology,"Glomerular Diseases, Transplant Nephrology, Dialysis","Arabic, French"
54,55,Gray,Dickerson,Internal Medicine,"Hospital Medicine, Medical Oncology",Urdu
55,56,Nicolis,Larkworthy,Dermatology,Mohs Surgery,German
56,57,Isidore,Pinkie,Psychiatry,"Forensic Psychiatry, Child and Adolescent Psychiatry, Geriatric Psychiatry, Addiction Psychiatry",Urdu
57,58,Neils,Flaherty,Geriatrics,"Multimorbidity, Memory Disorders, Falls and Balance, Palliative Care","Urdu, French"
58,59,Emeline,Washbrook,Dermatology,"Mohs Surgery, Dermatopathology, Pediatric Dermatology","English, English"
59,60,Nanni,Glew,Obstetrics and Gynecology,"Reproductive Endocrinology, Maternal-Fetal Medicine, Gynecologic Oncology, Urogynecology",English
60,61,Juanita,Castleman,Urology,"Endourology, Female Urology","French, English"
61,62,Linea,Hounsom,Pulmonology,"Critical Care, Pulmonary Hypertension","Hindi, Urdu"
62,63,Auberon,MacGray,Internal Medicine,"Hospital Medicine, Clinical Pharmacology, Medical Oncology","English, Arabic"
63,64,Anjela,Byer,Oncology,"Lung Cancer, Hematologic Malignancies","English, French"
64,65,Eldon,Hyndman,Rheumatology,"Spondyloarthritis, Lupus, Rheumatoid Arthritis, Vasculitis","English, Urdu"
65,66,Sheila,Jaumet,Dermatology,"Dermatopathology, Mohs Surgery, Cosmetic Dermatology",English
66,67,Gavan,Leonard,Oncology,"Palliative Oncology, Breast Cancer","Urdu, Urdu"
67,68,Neil,Dudson,Obstetrics and Gynecology,Gynecologic Oncology,"Arabic, French"
68,69,Susette,Godard,Urology,"Endourology, Pediatric Urology, Female Urology, Urologic Oncology","French, Arabic"
69,70,Madelaine,Moggle,Rheumatology,"Rheumatoid Arthritis, Vasculitis, Lupus, Spondyloarthritis",English
70,71,Broderic,Farris,Hematology,"Coagulation Disorders, Leukemia",English
71,72,Erek,Piell,Pulmonology,"Sleep Medicine, Critical Care, Pulmonary Hypertension, Interstitial Lung Disease","Hindi, Urdu"
72,73,Zolly,Victor,Oncology,Lung Cancer,"Hindi, Urdu"
73,74,Tawsha,Dowker,Infectious Diseases,"HIV/AIDS, Antimicrobial Stewardship","English, English"
74,75,Eddi,Norcutt,Neurology,Neuromuscular Disorders,"English, English"
75,76,Margo,Langcastle,Psychiatry,"Geriatric Psychiatry, Forensic Psychiatry, Child and Adolescent Psychiatry, Addiction Psychiatry","English, English"
76,77,Hew,Lamball,Oncology,"Lung Cancer, Hematologic Malignancies, Palliative Oncology","Arabic, German"
77,78,Cindee,MacCaffery,Urology,Female Urology,"Spanish, German"
78,79,Harold,Habbeshaw,Plastic Surgery,Reconstructive Surgery,"Spanish, French"
79,80,Annmarie,Crosscombe,Endocrinology,"Pituitary Disorders, Thyroid Disorders, Diabetes, Adrenal Disorders",Arabic
80,81,Danyelle,Center,Nephrology,Glomerular Diseases,German
81,82,Abbye,Lyddyard,Ophthalmology,"Pediatric Ophthalmology, Glaucoma, Retina, Cornea",Spanish
82,83,Constantia,Battye,Pulmonology,"Sleep Medicine, Critical Care",English
83,84,Stoddard,Blaase,Geriatrics,"Palliative Care, Falls and Balance","Spanish, Urdu"
84,85,Suzie,Mudd,Gastroenterology,Inflammatory Bowel Disease,Spanish
85,86,Cindie,Bumpus,Geriatrics,"Memory Disorders, Palliative Care, Multimorbidity","Urdu, Spanish"
86,87,Lucille,Greger,Hematology,"Leukemia, Coagulation Disorders",Arabic
87,88,Myca,Cotes,Neurology,"Epilepsy, Neuromuscular Disorders, Multiple Sclerosis","Arabic, Spanish"
88,89,Josefina,Stark,Internal Medicine,"Medical Oncology, Primary Care, Hospital Medicine, Clinical Pharmacology","Arabic, Arabic"
89,90,Trista,Hillam,Plastic Surgery,"Craniofacial Surgery, Reconstructive Surgery","English, Urdu"
90,91,Aline,Faraker,Radiology,"Interventional Radiology, Breast Imaging, Neuroradiology, Musculoskeletal Radiology","English, Spanish"
91,92,Reamonn,Clamo,Otolaryngology,"Rhinology, Laryngology, Otology","Hindi, Spanish"
92,93,Ethelda,Nourse,General Surgery,Trauma Surgery,"English, German"
93,94,Nikita,Maslin,Orthopedics,"Joint Replacement, Sports Medicine, Spine Surgery, Pediatric Orthopedics","English, English"
94,95,Gwenette,Scripps,Family Medicine,Geriatric Medicine,English
95,96,Marwin,Bremen,Family Medicine,"Adolescent Medicine, Women's Health, Geriatric Medicine, Preventive Care","French, Arabic"
96,97,Sinclare,Shakspeare,Cardiology,"Cardiac Imaging, Heart Failure","English, Spanish"
97,98,Wilmette,Mair,Gastroenterology,"Advanced Endoscopy, Hepatology, Pancreatology, Inflammatory Bowel Disease",English
98,99,Cordie,Carek,Neurology,"Stroke, Multiple Sclerosis",English
99,100,Cletis,Emtage,Cardiology,"Interventional Cardiology, Heart Failure, Electrophysiology, Pediatric Cardiology","English, Arabic"
100,101,Hyatt,Craythorne,Oncology,Breast Cancer,"English, French"
101,102,Honor,Meininger,Rheumatology,Vasculitis,"English, Arabic"
102,103,Jane,Caulwell,Dermatology,Cosmetic Dermatology,Hindi
103,104,Ichabod,Zollner,Otolaryngology,"Head and Neck Surgery, Otology","Arabic, German"
104,105,Kelsy,Jeacop,Hematology,Lymphoma,Urdu
105,106,Gennie,Rebillard,Obstetrics and Gynecology,"Reproductive Endocrinology, Maternal-Fetal Medicine, Gynecologic Oncology, Urogynecology","Urdu, Spanish"
106,107,Karoly,Simmance,Pediatrics,"Pediatric Cardiology, Pediatric Endocrinology, Pediatric Neurology, Pediatric Infectious Diseases","Urdu, German"
107,108,Edvard,Mantrup,Pulmonology,"Pulmonary Hypertension, Critical Care, Sleep Medicine",English
108,109,Gena,Menel,Urology,"Pediatric Urology, Urologic Oncology, Endourology, Female Urology","Arabic, German"
109,110,Marieann,Capeling,Pediatrics,"Pediatric Endocrinology, Pediatric Infectious Diseases","English, German"
110,111,Vincenty,Cordrey,Cardiology,"Cardiac Imaging, Electrophysiology","English, French"
111,112,Bil,Yonnie,Pediatrics,"Pediatric Cardiology, Pediatric Neurology","Urdu, French"
112,113,Doroteya,Leicester,Neurology,"Neuromuscular Disorders, Epilepsy","Hindi, French"
113,114,Neda,Chilton,Orthopedics,Pediatric Orthopedics,"English, French"
114,115,Hercules,Attow,Infectious Diseases,Tuberculosis,English
115,116,Christian,Bodman,Radiology,"Neuroradiology, Interventional Radiology","Spanish, German"
116,117,Teddi,Asson,Internal Medicine,"Primary Care, Medical Oncology","English, Hindi"
117,118,Mariann,Prantoni,Dermatology,"Cosmetic Dermatology, Dermatopathology","Urdu, Hindi"
118,119,Orelee,Caseley,Rheumatology,"Spondyloarthritis, Rheumatoid Arthritis, Vasculitis, Lupus","German, Arabic"
119,120,Ford,Rumens,Internal Medicine,Primary Care,"Hindi, English"
120,121,Esdras,Yglesia,Psychiatry,"Forensic Psychiatry, Child and Adolescent Psychiatry, Addiction Psychiatry, Geriatric Psychiatry","German, German"
121,122,Genovera,Ibbotson,Radiology,"Neuroradiology, Musculoskeletal Radiology, Breast Imaging","English, French"
122,123,Lalo,Goodwill,Endocrinology,"Adrenal Disorders, Diabetes, Thyroid Disorders","English, French"
123,124,Hayward,Cottier,Dermatology,Cosmetic Dermatology,"English, German"
124,125,Alli,McIvor,Hematology,"Anemia, Coagulation Disorders, Leukemia","English, German"
125,126,Yorke,Roskams,Nephrology,"Transplant Nephrology, Glomerular Diseases, Chronic Kidney Disease, Dialysis","Hindi, Spanish"
126,127,Tildi,Gilsthorpe,Orthopedics,"Spine Surgery, Joint Replacement, Pediatric Orthopedics, Sports Medicine","Arabic, Hindi"
127,128,Billy,Jakel,General Surgery,"Minimally Invasive Surgery, Trauma Surgery, Breast Surgery","English, Spanish"
128,129,Adan,Roebuck,Geriatrics,"Multimorbidity, Memory Disorders","Arabic, French"
129,130,Dredi,Loblie,Hematology,Lymphoma,"German, French"
130,131,Eldredge,Purcell,Family Medicine,"Women's Health, Adolescent Medicine","English, Arabic"
131,132,Melita,Heaysman,Infectious Diseases,"Tropical Diseases, Tuberculosis","English, Hindi"
132,133,Rab,Vasilischev,Family Medicine,"Geriatric Medicine, Women's Health","Urdu, English"
133,134,Gav,Pisco,Endocrinology,"Diabetes, Pituitary Disorders, Adrenal Disorders, Thyroid Disorders","Arabic, German"
134,135,Abdul,Millichap,Psychiatry,Addiction Psychiatry,"Arabic, German"
135,136,Jacinta,Goodswen,Pediatrics,"Pediatric Endocrinology, Pediatric Cardiology","English, German"
136,137,Leesa,McMenemy,Geriatrics,"Multimorbidity, Memory Disorders, Palliative Care","Spanish, English"
137,138,Lindsay,Scollick,Internal Medicine,"Medical Oncology, Primary Care, Hospital Medicine, Clinical Pharmacology","English, Hindi"
138,139,Xylia,Giller,Otolaryngology,Laryngology,Urdu
139,140,Elise,Southam,Internal Medicine,"Primary Care, Medical Oncology",English
140,141,Erica,Maciejewski,Obstetrics and Gynecology,"Urogynecology, Gynecologic Oncology","French, English"
141,142,Nanny,Whate,Pediatrics,"Pediatric Cardiology, Pediatric Infectious Diseases, Pediatric Endocrinology","English, English"
142,143,Faulkner,Lippard,Nephrology,Dialysis,"Arabic, German"
143,144,Arabel,Mirfield,Endocrinology,"Pituitary Disorders, Adrenal Disorders","English, French"
144,145,Gaspar,Eddington,Ophthalmology,"Retina, Glaucoma, Cornea, Pediatric Ophthalmology",English
145,146,Rica,Kloisner,Pediatrics,"Pediatric Infectious Diseases, Pediatric Endocrinology, Pediatric Cardiology, Pediatric Neurology",English
146,147,Shay,Ponder,Pediatrics,"Pediatric Infectious Diseases, Pediatric Neurology, Pediatric Endocrinology, Pediatric Cardiology",Arabic
147,148,Rutger,Janic,Plastic Surgery,"Reconstructive Surgery, Craniofacial Surgery, Aesthetic Surgery","English, English"
148,149,Zaneta,Jouen,Emergency Medicine,Toxicology,"Arabic, Spanish"
149,150,Emmye,Gipps,Pulmonology,"Sleep Medicine, Interstitial Lung Disease, Critical Care","English, Hindi"
150,151,Mireielle,Ritchley,Hematology,Lymphoma,"Arabic, Urdu"
151,152,Libbie,Castagna,Radiology,"Breast Imaging, Neuroradiology",Hindi
152,153,Wilek,Chenery,Dermatology,"Mohs Surgery, Cosmetic Dermatology","Spanish, Urdu"
153,154,Amitie,Westall,Geriatrics,"Falls and Balance, Multimorbidity",English
154,155,Leontine,Chatt,Dermatology,"Mohs Surgery, Dermatopathology","Hindi, Arabic"
155,156,Hadley,Loughan,Geriatrics,"Memory Disorders, Multimorbidity","Arabic, French"
156,157,Eileen,Titford,Infectious Diseases,Tuberculosis,German
157,158,Priscella,Quincee,Radiology,"Breast Imaging, Musculoskeletal Radiology, Interventional Radiology","Hindi, Spanish"
158,159,Jocelin,Leathley,Neurology,"Neuromuscular Disorders, Multiple Sclerosis, Epilepsy",English
159,160,Magdalena,Birth,Otolaryngology,"Otology, Rhinology, Laryngology, Head and Neck Surgery",Urdu
160,161,Harmony,Hush,Radiology,Musculoskeletal Radiology,Arabic
161,162,Brooke,Soreau,General Surgery,Trauma Surgery,English
162,163,Hurleigh,Oswal,Endocrinology,"Pituitary Disorders, Thyroid Disorders, Adrenal Disorders",English
163,164,Ellery,Cheel,Urology,Pediatric Urology,English
164,165,Arlana,Mebes,Orthopedics,"Pediatric Orthopedics, Spine Surgery","Urdu, German"
165,166,Margaretha,Starbucke,Pulmonology,"Critical Care, Pulmonary Hypertension","English, German"
166,167,Marijo,Waitland,Geriatrics,"Multimorbidity, Falls and Balance, Memory Disorders","Hindi, Spanish"
167,168,Peg,Wingate,Dermatology,Mohs Surgery,"English, English"
168,169,Fitzgerald,Van Arsdale,General Surgery,"Colorectal Surgery, Breast Surgery, Trauma Surgery, Minimally Invasive Surgery",English
169,170,Ephrem,Saywell,Geriatrics,"Palliative Care, Multimorbidity, Memory Disorders, Falls and Balance","English, Hindi"
170,171,Zelig,Simionescu,Orthopedics,"Spine Surgery, Pediatric Orthopedics",Arabic
171,172,Celia,MacBrearty,Geriatrics,"Multimorbidity, Memory Disorders, Falls and Balance",English
172,173,Tiler,Pantone,Radiology,Musculoskeletal Radiology,"Hindi, Arabic"
173,174,Kayla,Lenormand,Urology,Endourology,Urdu
174,175,Eda,Rearie,Endocrinology,"Pituitary Disorders, Adrenal Disorders, Thyroid Disorders, Diabetes",Hindi
175,176,Chaim,Compston,Endocrinology,"Pituitary Disorders, Thyroid Disorders, Diabetes, Adrenal Disorders",English
176,177,Donica,Standbrooke,Plastic Surgery,"Burn Surgery, Aesthetic Surgery","English, Hindi"
177,178,Nicko,Nuton,Obstetrics and Gynecology,"Urogynecology, Gynecologic Oncology, Reproductive Endocrinology","English, Urdu"
178,179,Odo,Matteoli,Hematology,Anemia,"English, German"
179,180,Willi,Golagley,Otolaryngology,"Rhinology, Otology, Laryngology, Head and Neck Surgery",English
180,181,Lilly,Bucky,Obstetrics and Gynecology,"Reproductive Endocrinology, Maternal-Fetal Medicine",English
181,182,Seth,Skepper,Pediatrics,"Pediatric Neurology, Pediatric Endocrinology",French
182,183,Rich,Brash,Rheumatology,"Spondyloarthritis, Rheumatoid Arthritis, Lupus",Hindi
183,184,Emmaline,Lefwich,Oncology,"Hematologic Malignancies, Breast Cancer, Lung Cancer, Palliative Oncology","Urdu, French"
184,185,Tami,Olufsen,Oncology,"Hematologic Malignancies, Breast Cancer, Palliative Oncology",Urdu
185,186,Valli,Hadgraft,Neurology,"Epilepsy, Multiple Sclerosis, Stroke","English, German"
186,187,Chryste,Bartley,Ophthalmology,"Pediatric Ophthalmology, Retina","English, Spanish"
187,188,Alanson,Rosendorf,Orthopedics,Joint Replacement,English
188,189,Erminia,Nyles,Hematology,Anemia,"English, Spanish"
189,190,Ianthe,Gossington,Hematology,Leukemia,"French, Urdu"
190,191,Marget,Grishkov,Endocrinology,"Adrenal Disorders, Pituitary Disorders, Thyroid Disorders, Diabetes","Urdu, Urdu"
191,192,Cheri,Pickard,Neurology,Epilepsy,"English, Hindi"
192,193,Derick,Alywin,Dermatology,"Dermatopathology, Mohs Surgery, Pediatric Dermatology, Cosmetic Dermatology",English
193,194,Addy,Boules,Infectious Diseases,"Tropical Diseases, Antimicrobial Stewardship","English, Spanish"
194,195,Gardy,Verson,Pulmonology,"Critical Care, Sleep Medicine, Interstitial Lung Disease","English, Arabic"
195,196,Bettye,McNaught,General Surgery,"Colorectal Surgery, Breast Surgery, Minimally Invasive Surgery, Trauma Surgery","Urdu, Spanish"
196,197,Perice,Rabbe,General Surgery,"Minimally Invasive Surgery, Trauma Surgery",English
197,198,Raffaello,Budgey,Internal Medicine,Hospital Medicine,"Hindi, German"
198,199,Silva,Amoss,Otolaryngology,"Otology, Head and Neck Surgery, Laryngology","Arabic, Urdu"
199,200,Lauren,Cuffley,Ophthalmology,"Glaucoma, Cornea, Pediatric Ophthalmology","German, German"
200,201,Mathian,Allibone,General Surgery,"Minimally Invasive Surgery, Breast Surgery","Urdu, English"
201,202,Jere,Joncic,Plastic Surgery,Reconstructive Surgery,"Spanish, German"
202,203,Ardath,Carnachen,Neurology,"Epilepsy, Stroke, Neuromuscular Disorders","Hindi, German"
203,204,Gabi,Pozer,Cardiology,"Electrophysiology, Pediatric Cardiology, Cardiac Imaging","English, Arabic"
204,205,Imojean,Stannion,Urology,Urologic Oncology,"German, English"
205,206,Gaelan,Faussett,Emergency Medicine,"Ultrasound, Toxicology, Disaster Medicine","Urdu, English"
206,207,Gloria,Astman,Nephrology,"Glomerular Diseases, Chronic Kidney Disease, Transplant Nephrology, Dialysis",English
207,208,Solly,Clynmans,Orthopedics,"Sports Medicine, Pediatric Orthopedics","German, Hindi"
208,209,Abelard,Hancill,Radiology,"Musculoskeletal Radiology, Interventional Radiology","English, English"
209,210,Charles,Newvill,Pediatrics,"Pediatric Endocrinology, Pediatric Cardiology, Pediatric Infectious Diseases","English, Arabic"
210,211,Barbabra,Atger,Plastic Surgery,"Reconstructive Surgery, Burn Surgery","English, English"
211,212,Willy,Stearley,Endocrinology,"Thyroid Disorders, Adrenal Disorders, Pituitary Disorders, Diabetes","Arabic, Urdu"
212,213,Romain,Tripe,Dermatology,Mohs Surgery,"Spanish, Arabic"
213,214,Micheline,Hallor,Internal Medicine,"Primary Care, Clinical Pharmacology",Urdu
214,215,Garald,Maryan,Endocrinology,Adrenal Disorders,"English, German"
215,216,Rory,Euplate,Neurology,"Stroke, Multiple Sclerosis","English, Hindi"
216,217,Wilbert,Durbin,Cardiology,"Electrophysiology, Cardiac Imaging, Pediatric Cardiology, Heart Failure, Interventional Cardiology",English
217,218,Lek,Haggas,Orthopedics,Sports Medicine,"English, German"
218,219,Dodi,Muddle,Gastroenterology,"Advanced Endoscopy, Inflammatory Bowel Disease, Pancreatology, Hepatology","English, Hindi"
219,220,Lodovico,Tosh,Otolaryngology,"Rhinology, Head and Neck Surgery, Otology",English
220,221,Agna,Betts,Hematology,"Lymphoma, Coagulation Disorders, Leukemia, Anemia","English, French"
221,222,Ignaz,Armes,Psychiatry,"Child and Adolescent Psychiatry, Addiction Psychiatry, Geriatric Psychiatry, Forensic Psychiatry",English
222,223,Murial,Fookes,Plastic Surgery,"Reconstructive Surgery, Aesthetic Surgery","Urdu, Spanish"
223,224,Norrie,Duchenne,Pulmonology,"Interstitial Lung Disease, Sleep Medicine, Critical Care, Pulmonary Hypertension",Hindi
224,225,Rebekah,Valentim,Neurology,Multiple Sclerosis,"English, Arabic"
225,226,Warde,Ablett,Pulmonology,Interstitial Lung Disease,"English, English"
226,227,Chickie,Aikett,Dermatology,"Dermatopathology, Pediatric Dermatology, Mohs Surgery, Cosmetic Dermatology","English, Spanish"
227,228,Jonas,Greenaway,Gastroenterology,"Pancreatology, Hepatology","English, French"
228,229,Finlay,Melsome,Psychiatry,Forensic Psychiatry,English
229,230,Gregoor,Espadas,Nephrology,"Chronic Kidney Disease, Dialysis","English, English"
230,231,Reynard,Mahoney,Pediatrics,"Pediatric Infectious Diseases, Pediatric Neurology, Pediatric Endocrinology","English, English"
231,232,Gilly,Filchagin,Infectious Diseases,Antimicrobial Stewardship,Arabic
232,233,Christina,Yeo,Radiology,"Musculoskeletal Radiology, Interventional Radiology, Breast Imaging","English, French"
233,234,Irena,Castaner,Pulmonology,"Sleep Medicine, Pulmonary Hypertension","English, English"
234,235,Urbano,Delnevo,Otolaryngology,Rhinology,"English, French"
235,236,Ambrosi,Caddie,Hematology,"Anemia, Lymphoma, Coagulation Disorders, Leukemia",English
236,237,Vere,Zannetti,Urology,"Endourology, Urologic Oncology, Pediatric Urology","German, Spanish"
237,238,Wynne,Ilsley,Nephrology,Chronic Kidney Disease,"English, Arabic"
238,239,Lydia,Berget,Dermatology,"Cosmetic Dermatology, Dermatopathology, Mohs Surgery, Pediatric Dermatology","English, English"
239,240,Mariya,Bradburne,Geriatrics,"Palliative Care, Memory Disorders",German
240,241,Linnea,Bowles,Gastroenterology,"Advanced Endoscopy, Inflammatory Bowel Disease, Pancreatology, Hepatology","English, German"
241,242,Livvie,Ales,Infectious Diseases,"Tuberculosis, Antimicrobial Stewardship, HIV/AIDS, Tropical Diseases",Hindi
242,243,Jud,Marquet,Endocrinology,"Adrenal Disorders, Diabetes, Pituitary Disorders, Thyroid Disorders",English
243,244,Rainer,Roffe,Geriatrics,"Palliative Care, Falls and Balance, Memory Disorders, Multimorbidity","German, French"
244,245,Tanhya,Duckwith,Nephrology,"Transplant Nephrology, Chronic Kidney Disease, Glomerular Diseases","English, English"
245,246,Stevie,Busson,Hematology,"Lymphoma, Coagulation Disorders","Hindi, French"
246,247,Aline,Harte,Plastic Surgery,Reconstructive Surgery,"English, Urdu"
247,248,Tully,Broggelli,Oncology,"Palliative Oncology, Lung Cancer","English, French"
248,249,Verne,Hallihane,Emergency Medicine,"Ultrasound, Toxicology, Disaster Medicine, Pediatric Emergency Medicine",English
249,250,Donnajean,Robic,Pediatrics,"Pediatric Infectious Diseases, Pediatric Neurology, Pediatric Endocrinology","English, Hindi"
250,251,Sophia,Smalles,Rheumatology,"Vasculitis, Spondyloarthritis, Lupus, Rheumatoid Arthritis",English
251,252,Benedict,Totton,Gastroenterology,Hepatology,"Spanish, French"
252,253,Mil,Farrand,Dermatology,"Cosmetic Dermatology, Dermatopathology, Pediatric Dermatology, Mohs Surgery",English
253,254,Bear,Abrashkov,Nephrology,"Dialysis, Glomerular Diseases, Transplant Nephrology, Chronic Kidney Disease","Hindi, Hindi"
254,255,Ansel,Morhall,Pulmonology,"Interstitial Lung Disease, Critical Care, Sleep Medicine, Pulmonary Hypertension","Hindi, Arabic"
255,256,Tallou,Claye,Obstetrics and Gynecology,"Maternal-Fetal Medicine, Gynecologic Oncology, Reproductive Endocrinology, Urogynecology","English, Spanish"
256,257,Nicky,Dunbleton,Family Medicine,"Women's Health, Preventive Care, Geriatric Medicine","German, French"
257,258,Tomaso,Edgcumbe,Urology,"Pediatric Urology, Urologic Oncology, Female Urology, Endourology",English
258,259,Riva,Jent,Emergency Medicine,"Pediatric Emergency Medicine, Toxicology",English
259,260,Ringo,Greetland,Pediatrics,"Pediatric Neurology, Pediatric Endocrinology",Hindi
260,261,Kristo,Mutter,Emergency Medicine,Disaster Medicine,"English, Hindi"
261,262,Renell,Brick,Obstetrics and Gynecology,"Urogynecology, Reproductive Endocrinology",Arabic
262,263,Hyman,Hastilow,Pulmonology,"Sleep Medicine, Interstitial Lung Disease, Critical Care","English, Urdu"
263,264,Dina,McGilbon,Family Medicine,"Geriatric Medicine, Women's Health","English, Arabic"
264,265,Saunders,Fooks,Rheumatology,"Spondyloarthritis, Lupus, Vasculitis","English, Hindi"
265,266,Shell,Riteley,Plastic Surgery,"Craniofacial Surgery, Reconstructive Surgery",Hindi
266,267,Madge,McGairl,Neurology,"Multiple Sclerosis, Neuromuscular Disorders",English
267,268,Zacharia,Strodder,Pulmonology,"Pulmonary Hypertension, Sleep Medicine, Critical Care","English, German"
268,269,Clari,Dockwra,Emergency Medicine,"Ultrasound, Pediatric Emergency Medicine, Toxicology, Disaster Medicine","English, English"
269,270,Dorthy,Pulhoster,Psychiatry,"Child and Adolescent Psychiatry, Forensic Psychiatry","Arabic, English"
270,271,Elmo,Drury,Dermatology,"Mohs Surgery, Pediatric Dermatology, Dermatopathology, Cosmetic Dermatology","English, German"
271,272,Marti,McFee,Orthopedics,"Sports Medicine, Joint Replacement",German
272,273,Foster,Trowle,Radiology,"Musculoskeletal Radiology, Neuroradiology, Interventional Radiology, Breast Imaging","English, Arabic"
273,274,Mommy,Colquite,Pulmonology,Sleep Medicine,"English, Hindi"
274,275,Lanie,Flatman,Endocrinology,"Diabetes, Thyroid Disorders, Pituitary Disorders",English
275,276,Tallie,Bearsmore,Plastic Surgery,Burn Surgery,"Arabic, German"
276,277,Myrilla,Lathee,Internal Medicine,Clinical Pharmacology,"Arabic, Urdu"
277,278,Ingamar,Twelftree,Gastroenterology,Inflammatory Bowel Disease,Urdu
278,279,Dunstan,Raun,Psychiatry,"Geriatric Psychiatry, Addiction Psychiatry, Forensic Psychiatry","Arabic, English"
279,280,Otha,Ferbrache,Internal Medicine,"Clinical Pharmacology, Hospital Medicine, Primary Care","English, English"
280,281,Alphonse,Sweatland,Hematology,"Lymphoma, Coagulation Disorders, Anemia, Leukemia",English
281,282,Carce,Winchcomb,Dermatology,"Pediatric Dermatology, Dermatopathology, Mohs Surgery",Arabic
282,283,Carver,Bostock,Gastroenterology,"Advanced Endoscopy, Inflammatory Bowel Disease",English
283,284,Stephanie,Hynam,Family Medicine,Preventive Care,"English, Urdu"
284,285,Zebadiah,Craigie,Family Medicine,"Women's Health, Geriatric Medicine","Urdu, French"
285,286,Celestyna,O' Bee,Oncology,"Breast Cancer, Palliative Oncology, Lung Cancer","Urdu, French"
286,287,Haskel,Woolner,Neurology,"Multiple Sclerosis, Stroke, Neuromuscular Disorders",German
287,288,Kirstin,Lendon,Cardiology,Heart Failure,"English, Arabic"
288,289,Estella,Seys,Hematology,Lymphoma,"Arabic, Urdu"
289,290,Haydon,Cockerell,Obstetrics and Gynecology,"Urogynecology, Gynecologic Oncology, Maternal-Fetal Medicine","Urdu, English"
290,291,Levey,Mees,Orthopedics,Pediatric Orthopedics,English
291,292,Brita,Larraway,Radiology,"Breast Imaging, Musculoskeletal Radiology","English, Arabic"
292,293,Kiele,Callard,Psychiatry,Child and Adolescent Psychiatry,"Urdu, English"
293,294,Rozina,Bremmer,Gastroenterology,"Pancreatology, Hepatology, Advanced Endoscopy, Inflammatory Bowel Disease","English, Urdu"
294,295,Corabelle,Stigell,Emergency Medicine,"Toxicology, Pediatric Emergency Medicine, Disaster Medicine, Ultrasound",Arabic
295,296,Emera,Skally,Rheumatology,"Vasculitis, Lupus, Spondyloarthritis, Rheumatoid Arthritis","Arabic, Spanish"
296,297,Kakalina,Liff,Gastroenterology,"Inflammatory Bowel Disease, Advanced Endoscopy","English, Spanish"
297,298,Weber,Patters,Otolaryngology,"Head and Neck Surgery, Rhinology, Laryngology, Otology","French, German"
298,299,Jaynell,D'Abbot-Doyle,Family Medicine,"Women's Health, Adolescent Medicine, Geriatric Medicine","English, Hindi"
299,300,Dukie,Hurcombe,Ophthalmology,"Pediatric Ophthalmology, Glaucoma",English
300,301,Knox,Blacklidge,Neurology,Neuromuscular Disorders,"Urdu, Spanish"
301,302,Sandy,Blaxall,Family Medicine,"Preventive Care, Women's Health","German, French"
302,303,Jeffy,Shuttle,Family Medicine,"Adolescent Medicine, Preventive Care, Geriatric Medicine","Arabic, Spanish"
303,304,Judith,Linge,Psychiatry,Geriatric Psychiatry,"Spanish, English"
304,305,Cally,Covil,Radiology,Neuroradiology,"English, French"
305,306,Viola,Braidwood,Otolaryngology,"Otology, Head and Neck Surgery, Rhinology",Urdu
306,307,Kissee,Dellatorre,Plastic Surgery,"Burn Surgery, Reconstructive Surgery, Aesthetic Surgery, Craniofacial Surgery","Arabic, Urdu"
307,308,Rance,Smeath,Geriatrics,"Palliative Care, Multimorbidity",Hindi
308,309,Elladine,Forker,Endocrinology,"Pituitary Disorders, Adrenal Disorders, Diabetes",French
309,310,Jerrold,Dinnage,Infectious Diseases,"Tropical Diseases, Tuberculosis, Antimicrobial Stewardship",English
310,311,Beverlie,Schwerin,Plastic Surgery,"Aesthetic Surgery, Craniofacial Surgery, Reconstructive Surgery, Burn Surgery",Arabic
311,312,Lauryn,Arrell,Psychiatry,"Geriatric Psychiatry, Addiction Psychiatry, Forensic Psychiatry",Arabic
312,313,Lockwood,Fennelow,Nephrology,Chronic Kidney Disease,"Hindi, Hindi"
313,314,Granny,Kebell,Infectious Diseases,"HIV/AIDS, Antimicrobial Stewardship",English
314,315,Dennison,Hanscomb,Family Medicine,"Preventive Care, Women's Health, Geriatric Medicine, Adolescent Medicine","English, Spanish"
315,316,Juline,Rosnau,Psychiatry,Forensic Psychiatry,"German, Hindi"
316,317,Judi,Paule,Cardiology,"Electrophysiology, Pediatric Cardiology, Heart Failure","Hindi, Spanish"
317,318,Bari,Stallybrass,Cardiology,"Pediatric Cardiology, Electrophysiology, Cardiac Imaging, Heart Failure, Interventional Cardiology","Arabic, English"
318,319,Lenora,Lindbergh,Hematology,"Coagulation Disorders, Lymphoma, Leukemia",English
319,320,Keenan,Dayne,General Surgery,Breast Surgery,Hindi
320,321,Marcie,Noen,Cardiology,"Electrophysiology, Cardiac Imaging, Heart Failure, Interventional Cardiology, Pediatric Cardiology",English
321,322,Dierdre,Smails,Internal Medicine,"Clinical Pharmacology, Medical Oncology","English, English"
322,323,Flemming,Reditt,Otolaryngology,"Rhinology, Otology, Laryngology, Head and Neck Surgery",Hindi
323,324,Valle,Franckton,Gastroenterology,Pancreatology,"German, Arabic"
324,325,Mylo,Lodder,Obstetrics and Gynecology,"Urogynecology, Gynecologic Oncology","English, French"
325,326,Larine,Lorand,Pediatrics,"Pediatric Neurology, Pediatric Cardiology",English
326,327,Whitby,Raulstone,Obstetrics and Gynecology,"Urogynecology, Gynecologic Oncology","Arabic, Spanish"
327,328,Phillida,Lovitt,Plastic Surgery,Reconstructive Surgery,"Hindi, German"
328,329,Timmie,Verny,Endocrinology,"Adrenal Disorders, Diabetes, Thyroid Disorders, Pituitary Disorders","Spanish, German"
329,330,Ignazio,Keneforde,Orthopedics,"Sports Medicine, Pediatric Orthopedics, Spine Surgery, Joint Replacement","English, Arabic"
330,331,Sadye,Bagnall,Plastic Surgery,Aesthetic Surgery,"English, French"
331,332,Candra,Silverton,Internal Medicine,"Hospital Medicine, Primary Care","Urdu, Urdu"
332,333,Gabie,Fahy,Nephrology,Dialysis,"English, French"
333,334,Shaun,Armatidge,Neurology,"Neuromuscular Disorders, Multiple Sclerosis, Epilepsy",Spanish
334,335,Brynne,Sturr,Geriatrics,"Falls and Balance, Multimorbidity, Memory Disorders, Palliative Care","Arabic, French"
335,336,Meredith,Polley,Neurology,"Epilepsy, Multiple Sclerosis","Arabic, French"
336,337,Jobi,Maryott,Orthopedics,"Spine Surgery, Joint Replacement, Pediatric Orthopedics, Sports Medicine","Hindi, Spanish"
337,338,Markus,Dowle,Ophthalmology,"Cornea, Glaucoma, Retina, Pediatric Ophthalmology","French, English"
338,339,Neils,Frew,Obstetrics and Gynecology,"Gynecologic Oncology, Reproductive Endocrinology","French, German"
339,340,Hildagarde,Armstead,Plastic Surgery,"Burn Surgery, Aesthetic Surgery, Craniofacial Surgery, Reconstructive Surgery","French, Spanish"
340,341,Gery,Nicolson,Urology,"Female Urology, Endourology, Pediatric Urology, Urologic Oncology","French, Urdu"
341,342,Rodolph,Mulvany,Emergency Medicine,Disaster Medicine,"German, Urdu"
342,343,Pascale,Cready,Emergency Medicine,Ultrasound,English
343,344,Jere,Hillock,Gastroenterology,Advanced Endoscopy,"English, French"
344,345,Laverna,Andraud,Urology,Urologic Oncology,"English, Arabic"
345,346,Damaris,Prettyman,Dermatology,Pediatric Dermatology,"Urdu, Spanish"
346,347,Dita,Grosier,General Surgery,"Colorectal Surgery, Minimally Invasive Surgery, Breast Surgery, Trauma Surgery","English, German"
347,348,Jarad,Scandrick,Family Medicine,Geriatric Medicine,"English, Spanish"
348,349,Jerad,Domerq,Nephrology,"Glomerular Diseases, Dialysis, Transplant Nephrology","Arabic, Spanish"
349,350,Arleta,Bordman,Radiology,"Interventional Radiology, Neuroradiology","English, German"
350,351,Annadiana,Lundon,Geriatrics,"Memory Disorders, Multimorbidity","English, English"
351,352,Quint,Gilhooly,Plastic Surgery,"Reconstructive Surgery, Burn Surgery, Aesthetic Surgery, Craniofacial Surgery","English, French"
352,353,Joline,Back,Endocrinology,"Adrenal Disorders, Thyroid Disorders, Diabetes, Pituitary Disorders","English, Spanish"
353,354,Terence,Rolin,Dermatology,"Cosmetic Dermatology, Dermatopathology, Pediatric Dermatology, Mohs Surgery","Spanish, French"
354,355,Budd,Kroin,Family Medicine,Women's Health,"Arabic, German"
355,356,Savina,O'Curran,Emergency Medicine,"Disaster Medicine, Pediatric Emergency Medicine, Ultrasound, Toxicology","Spanish, German"
356,357,Ryon,Joreau,Gastroenterology,"Pancreatology, Inflammatory Bowel Disease, Hepatology, Advanced Endoscopy","Spanish, French"
357,358,Aubree,Matejka,General Surgery,"Trauma Surgery, Breast Surgery, Colorectal Surgery","Arabic, French"
358,359,Wilma,Toppes,Infectious Diseases,"Tropical Diseases, Tuberculosis, HIV/AIDS","English, Urdu"
359,360,Nola,Edmundson,Oncology,Breast Cancer,English
360,361,Rip,Fortun,Radiology,"Neuroradiology, Breast Imaging","Spanish, Spanish"
361,362,Sherwin,Zanolli,General Surgery,"Minimally Invasive Surgery, Trauma Surgery, Colorectal Surgery, Breast Surgery","Urdu, Hindi"
362,363,Michaella,Geldeford,Infectious Diseases,"HIV/AIDS, Antimicrobial Stewardship, Tropical Diseases, Tuberculosis","English, English"
363,364,Perla,Clemont,Internal Medicine,"Medical Oncology, Primary Care",English
364,365,Farrell,Cowderay,Geriatrics,"Memory Disorders, Multimorbidity, Falls and Balance",Hindi
365,366,Tabitha,Cuningham,Neurology,"Neuromuscular Disorders, Epilepsy, Multiple Sclerosis","German, Spanish"
366,367,Killie,Tejero,Geriatrics,"Falls and Balance, Palliative Care","Arabic, Arabic"
367,368,Yvonne,Hryskiewicz,Gastroenterology,"Pancreatology, Inflammatory Bowel Disease, Advanced Endoscopy, Hepatology","English, English"
368,369,Olga,Fellos,Internal Medicine,Medical Oncology,"Urdu, Hindi"
369,370,Burnard,Gianinotti,Nephrology,"Glomerular Diseases, Transplant Nephrology",English
370,371,Mariette,Massie,Rheumatology,"Rheumatoid Arthritis, Vasculitis","English, Arabic"
371,372,Edythe,Gwioneth,Gastroenterology,"Advanced Endoscopy, Pancreatology, Hepatology","English, Hindi"
372,373,Timmy,Bravey,Radiology,Breast Imaging,"English, Urdu"
373,374,Jonis,Asaaf,Family Medicine,"Women's Health, Geriatric Medicine, Preventive Care","Arabic, Urdu"
374,375,Thomasine,Broadbear,Internal Medicine,"Hospital Medicine, Medical Oncology, Clinical Pharmacology, Primary Care","Hindi, Hindi"
375,376,Nikaniki,Benthall,Obstetrics and Gynecology,"Urogynecology, Gynecologic Oncology",English
376,377,Beilul,Dightham,Ophthalmology,"Retina, Glaucoma, Cornea","English, Urdu"
377,378,Emylee,Hitzke,Ophthalmology,"Retina, Cornea","English, French"
378,379,Edward,McCoveney,Pulmonology,"Pulmonary Hypertension, Sleep Medicine",English
379,380,Mitchel,Bonifant,Urology,"Urologic Oncology, Endourology, Pediatric Urology, Female Urology","Hindi, Urdu"
380,381,Arabelle,Sans,Pulmonology,"Sleep Medicine, Pulmonary Hypertension, Critical Care, Interstitial Lung Disease","English, Hindi"
381,382,Madeline,Jaggar,Gastroenterology,"Advanced Endoscopy, Pancreatology",Spanish
382,383,Stefa,Valente,Cardiology,"Electrophysiology, Cardiac Imaging, Interventional Cardiology, Pediatric Cardiology, Heart Failure","English, German"
383,384,Catha,Collis,Otolaryngology,"Otology, Rhinology, Laryngology","Arabic, German"
384,385,Cooper,Cockle,Cardiology,Electrophysiology,Hindi
385,386,Sisile,Livoir,General Surgery,"Trauma Surgery, Minimally Invasive Surgery, Breast Surgery, Colorectal Surgery","Urdu, German"
386,387,Nara,Kubek,General Surgery,Trauma Surgery,German
387,388,Flory,Tomczykiewicz,Psychiatry,"Geriatric Psychiatry, Child and Adolescent Psychiatry, Addiction Psychiatry","Arabic, Urdu"
388,389,Merry,Bulgen,General Surgery,"Colorectal Surgery, Minimally Invasive Surgery, Trauma Surgery, Breast Surgery",English
389,390,Osbourne,Spinley,Rheumatology,Spondyloarthritis,"English, Spanish"
390,391,Silvain,Lube,Ophthalmology,"Cornea, Pediatric Ophthalmology, Retina","Urdu, Spanish"
391,392,Lynnea,Issacov,Cardiology,"Interventional Cardiology, Cardiac Imaging","English, Arabic"
392,393,Guillaume,Makinson,Family Medicine,"Preventive Care, Women's Health",Hindi
393,394,Nancey,Garbert,Internal Medicine,"Medical Oncology, Primary Care, Clinical Pharmacology, Hospital Medicine","English, Arabic"
394,395,Robin,Gatley,Orthopedics,"Pediatric Orthopedics, Joint Replacement","English, Arabic"
395,396,Rachael,Bullion,Radiology,"Interventional Radiology, Musculoskeletal Radiology","English, Spanish"
396,397,Currie,Figliovanni,Neurology,"Neuromuscular Disorders, Stroke, Epilepsy, Multiple Sclerosis","English, Arabic"
397,398,Cob,Macci,Nephrology,"Transplant Nephrology, Dialysis, Glomerular Diseases",English
398,399,Anette,Purcer,Emergency Medicine,Toxicology,Urdu
399,400,Tadeo,Dormer,Endocrinology,Diabetes,"English, Spanish"
400,401,Coop,Pane,Psychiatry,"Child and Adolescent Psychiatry, Geriatric Psychiatry, Addiction Psychiatry","English, French"
401,402,Sax,Muckley,Cardiology,"Interventional Cardiology, Heart Failure","Hindi, French"
402,403,Garnette,Morl,Nephrology,Glomerular Diseases,"German, French"
403,404,Perry,Clothier,Pediatrics,"Pediatric Cardiology, Pediatric Neurology, Pediatric Infectious Diseases, Pediatric Endocrinology","English, German"
404,405,Lilith,Stansby,Cardiology,"Cardiac Imaging, Pediatric Cardiology, Electrophysiology",Arabic
405,406,Garrard,Shepherdson,Ophthalmology,"Cornea, Retina","English, Arabic"
406,407,Jacquelyn,Hornig,Otolaryngology,"Otology, Head and Neck Surgery, Rhinology",English
407,408,Bianca,Cureton,Family Medicine,Women's Health,"English, German"
408,409,Bab,Dignum,Oncology,"Hematologic Malignancies, Breast Cancer, Palliative Oncology","English, Spanish"
409,410,Stanislas,Emloch,Hematology,"Leukemia, Lymphoma, Coagulation Disorders","English, English"
410,411,Zechariah,Hedditch,Family Medicine,Adolescent Medicine,Spanish
411,412,Brandais,Mousley,Hematology,Lymphoma,"English, German"
412,413,Avery,Curley,Psychiatry,"Addiction Psychiatry, Child and Adolescent Psychiatry","Urdu, French"
413,414,Dani,Rawstron,Endocrinology,"Diabetes, Thyroid Disorders, Pituitary Disorders, Adrenal Disorders","Arabic, German"
414,415,Archie,Espadate,Emergency Medicine,"Ultrasound, Disaster Medicine, Pediatric Emergency Medicine","English, English"
415,416,Zaccaria,Napoleon,Urology,"Female Urology, Pediatric Urology","English, Arabic"
416,417,Zach,Heeps,Psychiatry,Addiction Psychiatry,"Urdu, Urdu"
417,418,Zacharie,Dot,Radiology,"Interventional Radiology, Musculoskeletal Radiology",English
418,419,Therese,Willmer,Dermatology,Mohs Surgery,"English, Spanish"
419,420,Zulema,Boland,Otolaryngology,"Rhinology, Laryngology, Head and Neck Surgery",Arabic
420,421,Maribeth,Hatchett,Hematology,"Coagulation Disorders, Leukemia","English, Arabic"
421,422,Claudell,Soughton,Nephrology,"Dialysis, Transplant Nephrology, Glomerular Diseases","Spanish, German"
422,423,Joby,Egre,Dermatology,"Pediatric Dermatology, Dermatopathology, Mohs Surgery","English, French"
423,424,Kipper,Downes,Rheumatology,"Lupus, Vasculitis, Rheumatoid Arthritis, Spondyloarthritis","Spanish, English"
424,425,Alexine,Matei,Gastroenterology,"Hepatology, Inflammatory Bowel Disease, Pancreatology, Advanced Endoscopy","Spanish, Spanish"
425,426,Tomaso,Rzehor,Geriatrics,"Multimorbidity, Memory Disorders, Falls and Balance",English
426,427,Kath,Heath,Infectious Diseases,HIV/AIDS,"Spanish, English"
427,428,Arlin,Balser,Endocrinology,"Adrenal Disorders, Thyroid Disorders","English, French"
428,429,Ann-marie,Boydon,Gastroenterology,Advanced Endoscopy,Arabic
429,430,Rhody,Sheering,Ophthalmology,"Cornea, Pediatric Ophthalmology",Urdu
430,431,Fabien,Logesdale,Psychiatry,"Child and Adolescent Psychiatry, Addiction Psychiatry, Geriatric Psychiatry","Arabic, Hindi"
431,432,Tamar,Beaven,Otolaryngology,Head and Neck Surgery,"German, French"
432,433,Tedd,Heatherington,Rheumatology,Spondyloarthritis,"English, Spanish"
433,434,Allegra,Matts,Pulmonology,"Pulmonary Hypertension, Interstitial Lung Disease, Sleep Medicine, Critical Care","English, French"
434,435,Silvanus,Gilleson,Neurology,"Stroke, Multiple Sclerosis, Neuromuscular Disorders, Epilepsy",English
435,436,Audi,Gennings,Radiology,"Musculoskeletal Radiology, Neuroradiology",Hindi
436,437,Sabine,Summers,Ophthalmology,Cornea,"English, German"
437,438,Dianemarie,Illingworth,Family Medicine,"Preventive Care, Geriatric Medicine, Adolescent Medicine","English, German"
438,439,Maurice,Wilmot,Orthopedics,Spine Surgery,French
439,440,Edwin,Burnage,Internal Medicine,"Primary Care, Medical Oncology","English, Arabic"
440,441,Marie-ann,Mabbot,Otolaryngology,"Laryngology, Rhinology, Otology",English
441,442,Nathalie,Parrin,Geriatrics,"Palliative Care, Multimorbidity","English, Arabic"
442,443,Beck,Ackers,Emergency Medicine,Disaster Medicine,"English, Urdu"
443,444,Ximenes,Moralis,Pediatrics,"Pediatric Cardiology, Pediatric Infectious Diseases, Pediatric Neurology","English, English"
444,445,Lucy,Lipson,General Surgery,Trauma Surgery,"Hindi, Spanish"
445,446,Elias,Whitloe,Gastroenterology,Pancreatology,"German, Arabic"
446,447,Tobie,Rhubottom,Internal Medicine,"Primary Care, Hospital Medicine","English, French"
447,448,Georgeanne,Corbin,Hematology,"Anemia, Coagulation Disorders, Lymphoma",Arabic
448,449,Henka,Woonton,Geriatrics,"Multimorbidity, Memory Disorders","Arabic, German"
449,450,Jenine,Learoyd,Neurology,"Neuromuscular Disorders, Stroke, Epilepsy",Arabic
450,451,Alfie,Gomersal,Internal Medicine,Primary Care,Arabic
451,452,Catharina,Rodolf,Plastic Surgery,"Aesthetic Surgery, Reconstructive Surgery, Craniofacial Surgery, Burn Surgery",Hindi
452,453,Ellary,Pinnion,Family Medicine,"Geriatric Medicine, Preventive Care, Women's Health, Adolescent Medicine","English, Spanish"
453,454,Shirley,Goslin,Psychiatry,"Addiction Psychiatry, Geriatric Psychiatry, Child and Adolescent Psychiatry","English, German"
454,455,Dix,Downes,Internal Medicine,Clinical Pharmacology,"Arabic, French"
455,456,Berne,Melody,Endocrinology,Pituitary Disorders,"English, Arabic"
456,457,Adan,Kelson,Hematology,Leukemia,English
457,458,Gabby,Frantz,Orthopedics,"Pediatric Orthopedics, Joint Replacement, Spine Surgery, Sports Medicine","French, German"
458,459,Kailey,Grenshields,Otolaryngology,"Head and Neck Surgery, Laryngology, Otology","English, Hindi"
459,460,Brendan,Darmody,Pediatrics,"Pediatric Infectious Diseases, Pediatric Endocrinology, Pediatric Neurology, Pediatric Cardiology","English, Urdu"
460,461,Timothee,Hathaway,Urology,"Female Urology, Pediatric Urology, Endourology",English
461,462,Pia,Hemerijk,Rheumatology,Rheumatoid Arthritis,French
462,463,Debra,Fold,Rheumatology,"Lupus, Vasculitis, Rheumatoid Arthritis, Spondyloarthritis","Urdu, German"
463,464,Moll,Shevill,Geriatrics,"Memory Disorders, Falls and Balance, Multimorbidity, Palliative Care",English
464,465,Lindsay,Lavis,Pediatrics,Pediatric Infectious Diseases,Arabic
465,466,Constancy,De Mattei,General Surgery,"Breast Surgery, Trauma Surgery, Minimally Invasive Surgery, Colorectal Surgery","Arabic, Hindi"
466,467,Kaylyn,Bettaney,Infectious Diseases,"Tuberculosis, HIV/AIDS","English, English"
467,468,Dulce,Ratley,Gastroenterology,"Hepatology, Advanced Endoscopy, Inflammatory Bowel Disease, Pancreatology","English, Spanish"
468,469,Marja,Orniz,Endocrinology,"Pituitary Disorders, Thyroid Disorders, Adrenal Disorders","English, Spanish"
469,470,Manolo,MacSporran,Obstetrics and Gynecology,Urogynecology,"English, English"
470,471,Letty,O'Fielly,Pulmonology,"Sleep Medicine, Pulmonary Hypertension","Hindi, German"
471,472,Gan,Judron,Psychiatry,Child and Adolescent Psychiatry,English
472,473,Andrey,Bucknall,Gastroenterology,"Advanced Endoscopy, Hepatology, Pancreatology","Spanish, German"
473,474,Aurthur,Withinshaw,Cardiology,"Heart Failure, Interventional Cardiology","Hindi, English"
474,475,Clevey,Perico,Nephrology,Dialysis,"Spanish, Arabic"
475,476,Bob,Noraway,Pediatrics,"Pediatric Cardiology, Pediatric Neurology, Pediatric Infectious Diseases, Pediatric Endocrinology","Urdu, German"
476,477,Biron,Mellody,Psychiatry,"Geriatric Psychiatry, Addiction Psychiatry, Forensic Psychiatry, Child and Adolescent Psychiatry",English
477,478,Selig,Keirle,Infectious Diseases,HIV/AIDS,"Spanish, Spanish"
478,479,Mirelle,Lilbourne,Radiology,"Musculoskeletal Radiology, Neuroradiology, Interventional Radiology","Arabic, English"
479,480,Kenton,Goodbody,Family Medicine,"Adolescent Medicine, Women's Health","English, Hindi"
480,481,Nalani,Slogrove,Family Medicine,Women's Health,"English, English"
481,482,Melloney,Davidov,Urology,"Pediatric Urology, Female Urology, Urologic Oncology, Endourology","French, Spanish"
482,483,Geralda,Oxterby,Gastroenterology,"Hepatology, Inflammatory Bowel Disease","German, German"
483,484,Nonie,Mathes,Pulmonology,"Sleep Medicine, Pulmonary Hypertension, Interstitial Lung Disease","Urdu, French"
484,485,Andie,Popplestone,General Surgery,"Colorectal Surgery, Breast Surgery, Trauma Surgery","Urdu, German"
485,486,Marin,Brou,Hematology,Anemia,Hindi
486,487,Linell,Haggus,Pulmonology,Critical Care,"English, French"
487,488,Der,Burgh,Emergency Medicine,"Disaster Medicine, Pediatric Emergency Medicine","English, Arabic"
488,489,Janos,Goudy,Internal Medicine,"Primary Care, Hospital Medicine, Medical Oncology, Clinical Pharmacology","English, English"
489,490,Emmie,Ginnell,Plastic Surgery,"Reconstructive Surgery, Craniofacial Surgery, Aesthetic Surgery","English, Arabic"
490,491,Friederike,Goulbourne,Radiology,"Breast Imaging, Neuroradiology",English
491,492,Benji,Aldwinckle,Endocrinology,Pituitary Disorders,"English, English"
492,493,Johann,Pitkin,Pulmonology,Pulmonary Hypertension,Hindi
493,494,Abby,Coddrington,Gastroenterology,"Advanced Endoscopy, Pancreatology, Hepatology",Arabic
494,495,Lem,Turrell,Internal Medicine,"Clinical Pharmacology, Primary Care, Hospital Medicine","French, French"
495,496,Devland,Roddell,Family Medicine,"Women's Health, Geriatric Medicine, Adolescent Medicine","Arabic, Arabic"
496,497,Bronson,Ableson,Plastic Surgery,"Reconstructive Surgery, Aesthetic Surgery, Craniofacial Surgery, Burn Surgery","Hindi, English"
497,498,Janet,Rout,Obstetrics and Gynecology,"Reproductive Endocrinology, Gynecologic Oncology, Maternal-Fetal Medicine, Urogynecology",English
498,499,Arvy,Kibel,Internal Medicine,"Hospital Medicine, Clinical Pharmacology, Medical Oncology","Urdu, English"
499,500,Anson,Holley,Cardiology,Interventional Cardiology,"Urdu, Arabic"
500,501,Philippe,Barthropp,Neurology,"Epilepsy, Multiple Sclerosis, Neuromuscular Disorders, Stroke","English, Urdu"
501,502,Ringo,Domingues,Rheumatology,"Vasculitis, Rheumatoid Arthritis",Hindi
502,503,Byron,Angrock,Emergency Medicine,Toxicology,"English, German"
503,504,Dare,Pardie,Dermatology,"Cosmetic Dermatology, Dermatopathology, Pediatric Dermatology, Mohs Surgery","Arabic, Spanish"
504,505,Issie,Torrie,Rheumatology,"Rheumatoid Arthritis, Spondyloarthritis, Vasculitis","English, French"
505,506,Leyla,Hunnable,Dermatology,"Mohs Surgery, Dermatopathology","Urdu, Spanish"
506,507,Mommy,Ygou,Infectious Diseases,Antimicrobial Stewardship,"English, German"
507,508,John,Grindell,Dermatology,"Cosmetic Dermatology, Dermatopathology","Hindi, Urdu"
508,509,Devan,Clues,Oncology,"Breast Cancer, Hematologic Malignancies, Lung Cancer","Urdu, Urdu"
509,510,Kathi,Bartel,Geriatrics,Multimorbidity,English
510,511,Prince,Bett,Psychiatry,"Addiction Psychiatry, Child and Adolescent Psychiatry","Spanish, English"
511,512,Wren,Britton,Gastroenterology,"Pancreatology, Inflammatory Bowel Disease, Advanced Endoscopy, Hepatology","Arabic, Hindi"
512,513,Cleo,Cana,Endocrinology,Pituitary Disorders,"English, Hindi"
513,514,Cinnamon,Corck,Emergency Medicine,Disaster Medicine,English
514,515,Cristen,Clayworth,Obstetrics and Gynecology,"Maternal-Fetal Medicine, Gynecologic Oncology, Reproductive Endocrinology, Urogynecology","English, Spanish"
515,516,Gregoire,Rawlins,Oncology,"Breast Cancer, Lung Cancer, Hematologic Malignancies, Palliative Oncology",Hindi
516,517,Janella,Ingall,Nephrology,Chronic Kidney Disease,Arabic
517,518,Roma,Blagbrough,Ophthalmology,"Pediatric Ophthalmology, Cornea, Glaucoma, Retina","Spanish, German"
518,519,Winny,Fielden,Geriatrics,Memory Disorders,Arabic
519,520,Lisha,Roberson,Cardiology,"Cardiac Imaging, Interventional Cardiology","Hindi, Hindi"
520,521,Anatole,Alldritt,Psychiatry,"Forensic Psychiatry, Child and Adolescent Psychiatry, Addiction Psychiatry",Hindi
521,522,Gwendolin,Strowan,Hematology,Anemia,English
522,523,Vernen,Goady,Orthopedics,"Spine Surgery, Joint Replacement, Sports Medicine","Arabic, French"
523,524,Patric,Renols,Family Medicine,"Women's Health, Preventive Care, Adolescent Medicine","English, Arabic"
524,525,Orelee,Keast,Rheumatology,Lupus,"English, Urdu"
525,526,Agnola,Young,Psychiatry,Forensic Psychiatry,English
526,527,Cedric,Deyes,Rheumatology,"Spondyloarthritis, Vasculitis",Spanish
527,528,Leopold,Lyndon,Pulmonology,"Sleep Medicine, Pulmonary Hypertension, Interstitial Lung Disease, Critical Care",English
528,529,Juieta,Mepham,Urology,"Endourology, Pediatric Urology, Urologic Oncology","English, Urdu"
529,530,Chlo,Kyme,Internal Medicine,"Primary Care, Medical Oncology",Spanish
530,531,Giraud,Barneville,Family Medicine,"Women's Health, Adolescent Medicine","English, Hindi"
531,532,Zelda,Stanes,Ophthalmology,"Pediatric Ophthalmology, Cornea","English, Spanish"
532,533,Patton,Twigge,Gastroenterology,"Advanced Endoscopy, Hepatology, Pancreatology","English, English"
533,534,Rivi,Aucutt,Pulmonology,"Sleep Medicine, Interstitial Lung Disease, Pulmonary Hypertension, Critical Care","Arabic, Arabic"
534,535,Buddie,Dionsetti,Radiology,"Breast Imaging, Musculoskeletal Radiology, Neuroradiology, Interventional Radiology","Urdu, English"
535,536,Michal,Chambers,Emergency Medicine,"Ultrasound, Pediatric Emergency Medicine, Toxicology, Disaster Medicine","Urdu, English"
536,537,Erminie,Charlet,Emergency Medicine,"Ultrasound, Toxicology","English, Spanish"
537,538,Earle,Fuke,Endocrinology,"Diabetes, Pituitary Disorders","English, French"
538,539,Rosanne,Blundell,Emergency Medicine,"Toxicology, Pediatric Emergency Medicine, Ultrasound, Disaster Medicine","English, Spanish"
539,540,Kevyn,Dincey,Plastic Surgery,Craniofacial Surgery,Arabic
540,541,Reinaldo,Furnival,Neurology,"Epilepsy, Stroke","French, German"
541,542,Annissa,Simchenko,Urology,"Endourology, Female Urology, Urologic Oncology","Hindi, French"
542,543,Valencia,Caff,Plastic Surgery,"Burn Surgery, Aesthetic Surgery, Craniofacial Surgery, Reconstructive Surgery",English
543,544,Town,Chater,Dermatology,"Pediatric Dermatology, Cosmetic Dermatology, Mohs Surgery, Dermatopathology",English
544,545,Tierney,Jeste,Nephrology,"Glomerular Diseases, Transplant Nephrology, Dialysis",Arabic
545,546,Niko,Moulton,Otolaryngology,Rhinology,"English, Urdu"
546,547,Hale,Raun,Plastic Surgery,"Craniofacial Surgery, Burn Surgery, Reconstructive Surgery",Spanish
547,548,Lyndsay,Usher,Cardiology,Heart Failure,"English, Urdu"
548,549,Carolyne,Nairn,Endocrinology,"Thyroid Disorders, Diabetes, Pituitary Disorders, Adrenal Disorders","Hindi, English"
549,550,Manda,Vials,Dermatology,Dermatopathology,English
550,551,Hermione,Tapin,Cardiology,"Electrophysiology, Cardiac Imaging","Arabic, Urdu"
551,552,Babbette,Dufall,Emergency Medicine,"Disaster Medicine, Toxicology, Pediatric Emergency Medicine, Ultrasound","Urdu, Arabic"
552,553,Francis,Belle,Hematology,Lymphoma,"Arabic, Hindi"
553,554,Bret,Anstee,Endocrinology,"Diabetes, Thyroid Disorders, Adrenal Disorders",English
554,555,Mel,Boothebie,Plastic Surgery,"Burn Surgery, Aesthetic Surgery, Craniofacial Surgery, Reconstructive Surgery",Hindi
555,556,Corinne,Anster,Urology,Pediatric Urology,Urdu
556,557,Terri,Smallcomb,General Surgery,"Trauma Surgery, Breast Surgery, Colorectal Surgery","Arabic, English"
557,558,Brewster,Jedrys,Hematology,"Coagulation Disorders, Lymphoma, Leukemia","French, Spanish"
558,559,Myles,Follit,Nephrology,"Dialysis, Transplant Nephrology, Glomerular Diseases","Urdu, Hindi"
559,560,Anni,Curston,Pulmonology,"Interstitial Lung Disease, Pulmonary Hypertension, Critical Care, Sleep Medicine","Arabic, Arabic"
560,561,Emalia,Akrigg,Radiology,"Breast Imaging, Musculoskeletal Radiology, Interventional Radiology","English, English"
561,562,Wells,Derill,Emergency Medicine,"Pediatric Emergency Medicine, Ultrasound","English, French"
562,563,Melisande,Boole,Urology,"Pediatric Urology, Endourology, Female Urology","Arabic, French"
563,564,Haskel,Keeley,Emergency Medicine,"Ultrasound, Toxicology","Urdu, Spanish"
564,565,Sumner,Ferrolli,Pulmonology,"Sleep Medicine, Pulmonary Hypertension",English
565,566,Hyatt,Gallahue,Plastic Surgery,"Burn Surgery, Craniofacial Surgery",Urdu
566,567,Jabez,Siddell,Cardiology,"Electrophysiology, Heart Failure, Cardiac Imaging, Pediatric Cardiology, Interventional Cardiology",English
567,568,Madelaine,Westmerland,Radiology,"Neuroradiology, Breast Imaging",English
568,569,Valina,Wingham,Urology,"Female Urology, Pediatric Urology, Endourology","Arabic, English"
569,570,Kennett,Layborn,Pulmonology,"Sleep Medicine, Interstitial Lung Disease, Pulmonary Hypertension, Critical Care","French, Urdu"
570,571,Chiquita,Fullwood,Pulmonology,"Critical Care, Interstitial Lung Disease, Sleep Medicine",Urdu
571,572,Berkly,Andriolli,Plastic Surgery,Burn Surgery,"English, Hindi"
572,573,Tory,McFetrich,Ophthalmology,"Cornea, Pediatric Ophthalmology, Glaucoma",Urdu
573,574,Tamar,Mitro,Emergency Medicine,"Ultrasound, Toxicology","Arabic, Hindi"
574,575,Waite,Standrin,Rheumatology,"Spondyloarthritis, Rheumatoid Arthritis, Vasculitis","Arabic, Hindi"
575,576,Pia,Orrow,Endocrinology,Thyroid Disorders,Urdu
576,577,Daisey,Ferrer,Pediatrics,Pediatric Infectious Diseases,"Arabic, Urdu"
577,578,Eadith,Arbor,Hematology,"Coagulation Disorders, Lymphoma","Arabic, Urdu"
578,579,Roi,Clemo,Ophthalmology,"Pediatric Ophthalmology, Cornea, Retina, Glaucoma",English
579,580,Nissie,Millsom,Cardiology,"Interventional Cardiology, Pediatric Cardiology","Urdu, Arabic"
580,581,Clerissa,Mattioli,Infectious Diseases,Antimicrobial Stewardship,English
581,582,Lou,Santon,General Surgery,"Trauma Surgery, Minimally Invasive Surgery, Breast Surgery, Colorectal Surgery",Hindi
582,583,Donny,Mattersley,Orthopedics,"Sports Medicine, Spine Surgery, Pediatric Orthopedics","English, Arabic"
583,584,Griswold,McMearty,Pediatrics,"Pediatric Neurology, Pediatric Infectious Diseases, Pediatric Endocrinology, Pediatric Cardiology","English, English"
584,585,Sherline,Wainwright,Hematology,"Lymphoma, Coagulation Disorders",Spanish
585,586,Leonie,Wevell,Cardiology,"Interventional Cardiology, Electrophysiology, Heart Failure, Pediatric Cardiology, Cardiac Imaging",French
586,587,Brantley,Toderini,Nephrology,"Glomerular Diseases, Dialysis, Transplant Nephrology","Spanish, English"
587,588,Fanny,Peterken,Obstetrics and Gynecology,"Urogynecology, Maternal-Fetal Medicine",Arabic
588,589,Gerrard,Heavens,Dermatology,"Cosmetic Dermatology, Pediatric Dermatology, Mohs Surgery, Dermatopathology","Arabic, Spanish"
589,590,Bartlett,Fallowes,Radiology,"Interventional Radiology, Neuroradiology, Breast Imaging",Hindi
590,591,Honey,Krebs,Psychiatry,"Addiction Psychiatry, Forensic Psychiatry, Geriatric Psychiatry","Arabic, Arabic"
591,592,Cleopatra,Chainey,Radiology,"Breast Imaging, Interventional Radiology, Neuroradiology, Musculoskeletal Radiology",English
592,593,Rafi,Dendon,Cardiology,"Heart Failure, Cardiac Imaging, Interventional Cardiology",Arabic
593,594,Jennee,Ludovici,Endocrinology,"Diabetes, Thyroid Disorders",French
594,595,Hal,Pevsner,Pulmonology,"Interstitial Lung Disease, Pulmonary Hypertension, Sleep Medicine, Critical Care",English
595,596,Manda,Mangeot,Emergency Medicine,Disaster Medicine,"Spanish, Urdu"
596,597,Fons,Giraudot,General Surgery,"Colorectal Surgery, Minimally Invasive Surgery, Breast Surgery, Trauma Surgery",English
597,598,Charin,Kinforth,Emergency Medicine,"Disaster Medicine, Toxicology, Pediatric Emergency Medicine","English, Arabic"
598,599,Modestia,Mcwhinnie,Oncology,"Hematologic Malignancies, Breast Cancer, Palliative Oncology","Urdu, English"
599,600,Izak,Sargant,Otolaryngology,Laryngology,English
600,601,Celia,Mold,Otolaryngology,"Head and Neck Surgery, Rhinology, Laryngology, Otology","English, French"
601,602,Royall,Klugel,Endocrinology,"Adrenal Disorders, Thyroid Disorders","French, English"
602,603,Danya,Ricciardo,Plastic Surgery,"Craniofacial Surgery, Aesthetic Surgery","English, Arabic"
603,604,Ida,Fullerlove,Internal Medicine,"Clinical Pharmacology, Primary Care, Medical Oncology, Hospital Medicine","Arabic, Spanish"
604,605,Gabriel,Slark,Rheumatology,"Vasculitis, Rheumatoid Arthritis","Arabic, French"
605,606,Ethelyn,Shackell,Cardiology,"Cardiac Imaging, Interventional Cardiology, Heart Failure, Electrophysiology",German
606,607,Marillin,Flanaghan,Pulmonology,"Critical Care, Sleep Medicine, Pulmonary Hypertension",English
607,608,Joseito,Iredale,Hematology,"Lymphoma, Anemia, Leukemia","Spanish, Arabic"
608,609,Angele,Tuxsell,Otolaryngology,"Otology, Rhinology, Head and Neck Surgery, Laryngology","Urdu, Spanish"
609,610,Ellyn,Freemantle,Urology,"Endourology, Female Urology, Pediatric Urology",English
610,611,Hana,Waterland,Pediatrics,"Pediatric Infectious Diseases, Pediatric Neurology, Pediatric Endocrinology, Pediatric Cardiology",English
611,612,Luce,Putley,General Surgery,"Minimally Invasive Surgery, Breast Surgery","English, French"
612,613,Berke,Baraja,Cardiology,Heart Failure,"Arabic, German"
613,614,Jenifer,Anstie,Endocrinology,Pituitary Disorders,Spanish
614,615,Alisun,Scown,Urology,"Pediatric Urology, Endourology","English, Urdu"
615,616,De witt,Vasichev,Obstetrics and Gynecology,"Maternal-Fetal Medicine, Gynecologic Oncology, Urogynecology","Arabic, German"
616,617,Dore,Harget,Geriatrics,"Multimorbidity, Falls and Balance",English
617,618,Sharon,Markussen,Family Medicine,"Geriatric Medicine, Women's Health, Preventive Care, Adolescent Medicine","English, Hindi"
618,619,Romona,Fooks,Gastroenterology,"Pancreatology, Advanced Endoscopy, Inflammatory Bowel Disease, Hepatology","German, Urdu"
619,620,Murial,Kornalik,Pulmonology,Pulmonary Hypertension,"English, French"
620,621,Etheline,Capes,Obstetrics and Gynecology,"Reproductive Endocrinology, Maternal-Fetal Medicine, Urogynecology","English, English"
621,622,Marleah,Martin,Geriatrics,"Falls and Balance, Memory Disorders, Multimorbidity","German, Arabic"
622,623,Kyla,Hawson,Neurology,"Epilepsy, Stroke, Multiple Sclerosis","English, Spanish"
623,624,Irma,Hudleston,Otolaryngology,"Otology, Head and Neck Surgery, Laryngology","Urdu, Hindi"
624,625,Tucky,Danelut,Ophthalmology,Glaucoma,Arabic
625,626,Zolly,Jeanenet,Infectious Diseases,Tuberculosis,"English, English"
626,627,Caroljean,Whoolehan,Endocrinology,"Thyroid Disorders, Pituitary Disorders","Hindi, Arabic"
627,628,Terence,Meckiff,Dermatology,"Pediatric Dermatology, Dermatopathology","English, French"
628,629,Brien,Carlon,Pulmonology,"Interstitial Lung Disease, Critical Care, Sleep Medicine, Pulmonary Hypertension",English
629,630,Ricard,Agett,General Surgery,"Breast Surgery, Minimally Invasive Surgery, Trauma Surgery",Arabic
630,631,Kiley,Enriquez,Dermatology,Cosmetic Dermatology,Hindi
631,632,Jaye,Flewan,Emergency Medicine,"Ultrasound, Pediatric Emergency Medicine","Arabic, Urdu"
632,633,Jacqueline,Varlow,Psychiatry,"Geriatric Psychiatry, Forensic Psychiatry","Hindi, Spanish"
633,634,Imogen,Brackenridge,Pediatrics,Pediatric Neurology,"Arabic, Hindi"
634,635,Thaddeus,Gadsdon,Neurology,Neuromuscular Disorders,Spanish
635,636,Tilda,Amberson,Dermatology,"Mohs Surgery, Cosmetic Dermatology","English, Spanish"
636,637,Melvyn,Bainton,Orthopedics,"Spine Surgery, Sports Medicine, Pediatric Orthopedics, Joint Replacement","English, French"
637,638,Wilmer,Kelledy,Dermatology,"Dermatopathology, Pediatric Dermatology, Cosmetic Dermatology, Mohs Surgery","Arabic, French"
638,639,Tarrance,Cronk,Internal Medicine,"Medical Oncology, Hospital Medicine, Clinical Pharmacology","English, Hindi"
639,640,Tamqrah,Shenton,Otolaryngology,"Laryngology, Head and Neck Surgery, Rhinology, Otology",English
640,641,Ralina,Quernel,Orthopedics,"Pediatric Orthopedics, Sports Medicine, Spine Surgery, Joint Replacement","Hindi, Spanish"
641,642,Larissa,Goddert.sf,Urology,"Pediatric Urology, Urologic Oncology, Endourology","Arabic, French"
642,643,Hilly,Ough,Emergency Medicine,"Ultrasound, Disaster Medicine, Toxicology","Hindi, Urdu"
643,644,Shep,Spileman,Internal Medicine,"Clinical Pharmacology, Medical Oncology, Hospital Medicine, Primary Care",Urdu
644,645,Rockie,Philcock,Psychiatry,"Child and Adolescent Psychiatry, Addiction Psychiatry, Geriatric Psychiatry, Forensic Psychiatry","Arabic, French"
645,646,Noelani,Linguard,Neurology,"Multiple Sclerosis, Stroke","English, Urdu"
646,647,Lindy,Deamer,Internal Medicine,Primary Care,"English, English"
647,648,Broderick,Elnor,Obstetrics and Gynecology,"Gynecologic Oncology, Urogynecology","Arabic, English"
648,649,Sollie,Skokoe,Neurology,"Stroke, Epilepsy, Multiple Sclerosis",English
649,650,Maren,Dikle,Radiology,"Neuroradiology, Musculoskeletal Radiology, Breast Imaging",French
650,651,Sylvia,Cockarill,Emergency Medicine,Pediatric Emergency Medicine,"English, English"
651,652,Lorry,Pover,Gastroenterology,"Inflammatory Bowel Disease, Advanced Endoscopy, Pancreatology, Hepatology","English, German"
652,653,Annecorinne,Jocic,Radiology,"Neuroradiology, Interventional Radiology, Breast Imaging",English
653,654,Kania,Megson,Plastic Surgery,"Aesthetic Surgery, Craniofacial Surgery","Spanish, French"
654,655,Nina,Medland,Family Medicine,"Geriatric Medicine, Women's Health, Adolescent Medicine","French, Arabic"
655,656,Rafaello,Haughan,Neurology,Multiple Sclerosis,"Arabic, Urdu"
656,657,Jojo,Dullingham,Pediatrics,Pediatric Neurology,"Hindi, Urdu"
657,658,Deena,Chazotte,Hematology,"Leukemia, Anemia","Hindi, French"
658,659,Donnie,Gonsalvez,Hematology,"Leukemia, Anemia, Coagulation Disorders",English
659,660,Putnem,Gossage,Gastroenterology,"Pancreatology, Hepatology, Inflammatory Bowel Disease","Hindi, Urdu"
660,661,Natasha,Hounsom,Obstetrics and Gynecology,Gynecologic Oncology,"Arabic, English"
661,662,Vere,Cissen,Pediatrics,"Pediatric Neurology, Pediatric Infectious Diseases, Pediatric Cardiology, Pediatric Endocrinology",Spanish
662,663,Brandtr,McCluin,Ophthalmology,"Cornea, Pediatric Ophthalmology, Glaucoma, Retina",Arabic
663,664,Jeno,Whinray,Rheumatology,"Lupus, Spondyloarthritis, Rheumatoid Arthritis",French
664,665,Willamina,Crookshanks,Urology,"Urologic Oncology, Endourology, Female Urology",English
665,666,Robbie,Markham,Geriatrics,"Multimorbidity, Memory Disorders","English, Urdu"
666,667,Kyla,O'Kielt,Otolaryngology,Otology,"Arabic, Urdu"
667,668,Georas,Dommerque,Gastroenterology,"Inflammatory Bowel Disease, Advanced Endoscopy, Pancreatology, Hepatology",Urdu
668,669,Dorine,Olczyk,Oncology,"Hematologic Malignancies, Breast Cancer, Palliative Oncology, Lung Cancer",English
669,670,Candace,Templar,Ophthalmology,Pediatric Ophthalmology,"English, Arabic"
670,671,Thacher,MacGray,Pulmonology,"Pulmonary Hypertension, Interstitial Lung Disease","German, English"
671,672,Nesta,Kellar,Nephrology,Chronic Kidney Disease,"English, Urdu"
672,673,Helenelizabeth,Pervew,Gastroenterology,"Advanced Endoscopy, Inflammatory Bowel Disease",English
673,674,Kayle,Stamper,Family Medicine,"Geriatric Medicine, Adolescent Medicine","English, Urdu"
674,675,Hillel,Vassbender,Cardiology,"Heart Failure, Cardiac Imaging, Pediatric Cardiology, Interventional Cardiology","Hindi, Hindi"
675,676,Renata,Cawley,Pediatrics,"Pediatric Infectious Diseases, Pediatric Cardiology, Pediatric Endocrinology, Pediatric Neurology","English, English"
676,677,Henryetta,Pratton,Psychiatry,Child and Adolescent Psychiatry,"English, Arabic"
677,678,Gorden,McMeeking,Urology,"Pediatric Urology, Urologic Oncology, Female Urology, Endourology",English
678,679,Maurene,Clair,Rheumatology,Vasculitis,"Arabic, German"
679,680,Cornelle,Linturn,Gastroenterology,"Inflammatory Bowel Disease, Hepatology, Pancreatology",English
680,681,Jarib,Sommerled,Plastic Surgery,"Aesthetic Surgery, Craniofacial Surgery, Reconstructive Surgery, Burn Surgery","English, German"
681,682,Omero,Sterre,General Surgery,Trauma Surgery,French
682,683,Annabela,Rathjen,Internal Medicine,"Hospital Medicine, Medical Oncology, Clinical Pharmacology","French, English"
683,684,Morena,Shearman,Rheumatology,"Rheumatoid Arthritis, Vasculitis",English
684,685,Wat,Tarry,Oncology,"Hematologic Malignancies, Lung Cancer, Breast Cancer","French, French"
685,686,Nerita,Krystof,Radiology,"Interventional Radiology, Breast Imaging, Neuroradiology, Musculoskeletal Radiology",English
686,687,Venus,Ivanchenkov,Infectious Diseases,"Tuberculosis, Antimicrobial Stewardship, HIV/AIDS","English, English"
687,688,Martie,Stearndale,Plastic Surgery,Burn Surgery,English
688,689,Tomasine,Tarbett,Oncology,Palliative Oncology,Arabic
689,690,Cross,Pennone,Radiology,"Interventional Radiology, Breast Imaging","English, Spanish"
690,691,Gram,McCuffie,Oncology,"Breast Cancer, Palliative Oncology, Lung Cancer, Hematologic Malignancies","English, French"
691,692,Barry,Ledgeway,Plastic Surgery,Burn Surgery,Hindi
692,693,Felecia,Jeal,Family Medicine,"Preventive Care, Adolescent Medicine","English, Urdu"
693,694,Ailey,Santello,Emergency Medicine,Ultrasound,"Arabic, English"
694,695,Jacynth,Oldall,Neurology,"Neuromuscular Disorders, Multiple Sclerosis",Arabic
695,696,Kandace,Isakson,Psychiatry,"Addiction Psychiatry, Child and Adolescent Psychiatry","Urdu, Hindi"
696,697,Ethelin,Ballingal,Radiology,Interventional Radiology,"English, Urdu"
697,698,Haslett,Jump,Hematology,"Anemia, Leukemia, Coagulation Disorders, Lymphoma",Hindi
698,699,Worth,Merigot,Endocrinology,"Diabetes, Pituitary Disorders","Arabic, German"
699,700,Lulita,Grinyakin,Dermatology,"Dermatopathology, Pediatric Dermatology","English, French"
700,701,Randy,Schroeder,Cardiology,"Heart Failure, Electrophysiology","Arabic, Hindi"
701,702,Celka,Eady,Pediatrics,"Pediatric Cardiology, Pediatric Neurology, Pediatric Infectious Diseases, Pediatric Endocrinology","Hindi, French"
702,703,Vivi,Ferie,Pulmonology,"Interstitial Lung Disease, Critical Care","Arabic, Arabic"
703,704,Nicolas,Rosenfeld,Cardiology,"Pediatric Cardiology, Interventional Cardiology","Spanish, Urdu"
704,705,Heinrick,Bazell,Ophthalmology,"Retina, Pediatric Ophthalmology, Cornea, Glaucoma","English, Hindi"
705,706,Philippine,Lincoln,Rheumatology,Lupus,English
706,707,Kassia,Baiss,Internal Medicine,"Clinical Pharmacology, Medical Oncology, Hospital Medicine",English
707,708,Darlleen,Snar,Family Medicine,"Women's Health, Adolescent Medicine","Arabic, Urdu"
708,709,Constanta,Lahive,Nephrology,"Dialysis, Transplant Nephrology",English
709,710,Ciro,Mathiassen,Dermatology,Pediatric Dermatology,Urdu
710,711,Jehu,Olyet,Geriatrics,"Palliative Care, Memory Disorders","English, German"
711,712,Charlie,Schrinel,Urology,"Urologic Oncology, Endourology, Female Urology","Urdu, Urdu"
712,713,Reiko,Barajaz,Endocrinology,"Diabetes, Thyroid Disorders",English
713,714,Leonore,Bezzant,Oncology,"Lung Cancer, Breast Cancer, Hematologic Malignancies","English, French"
714,715,Gifford,McGraw,Ophthalmology,Cornea,German
715,716,Effie,McPeake,Ophthalmology,"Retina, Glaucoma, Cornea","Urdu, French"
716,717,Frasier,Datte,General Surgery,"Colorectal Surgery, Minimally Invasive Surgery, Breast Surgery, Trauma Surgery",Urdu
717,718,Iain,Lage,Orthopedics,"Pediatric Orthopedics, Spine Surgery","English, German"
718,719,Gallard,Fuzzens,Pulmonology,"Interstitial Lung Disease, Pulmonary Hypertension, Sleep Medicine, Critical Care",German
719,720,Ania,Wilkowski,Ophthalmology,Cornea,German
720,721,Anallese,Vertigan,Orthopedics,Joint Replacement,Hindi
721,722,Milissent,Green,Family Medicine,"Adolescent Medicine, Preventive Care, Geriatric Medicine, Women's Health","English, English"
722,723,Greg,Retchford,Psychiatry,"Forensic Psychiatry, Geriatric Psychiatry, Addiction Psychiatry","English, French"
723,724,Kalila,Mattes,Cardiology,"Interventional Cardiology, Heart Failure, Electrophysiology, Cardiac Imaging, Pediatric Cardiology","Hindi, Hindi"
724,725,Norene,Skehens,Pediatrics,"Pediatric Cardiology, Pediatric Endocrinology, Pediatric Neurology",English
725,726,Ardyth,Pickerell,Internal Medicine,"Primary Care, Medical Oncology","Urdu, Hindi"
726,727,Martynne,Poyzer,Radiology,"Breast Imaging, Interventional Radiology, Musculoskeletal Radiology","Arabic, German"
727,728,Pauly,Lissett,Dermatology,Dermatopathology,Urdu
728,729,Herby,Rudledge,Plastic Surgery,"Aesthetic Surgery, Burn Surgery, Reconstructive Surgery",English
729,730,Waly,Winchcum,Endocrinology,Diabetes,"Arabic, Urdu"
730,731,Dorthea,Mobley,Oncology,"Palliative Oncology, Lung Cancer, Breast Cancer","English, Spanish"
731,732,Jaclin,Blei,Hematology,"Leukemia, Lymphoma, Coagulation Disorders, Anemia","English, English"
732,733,Micheal,Dinley,Obstetrics and Gynecology,"Gynecologic Oncology, Reproductive Endocrinology, Maternal-Fetal Medicine, Urogynecology","English, Spanish"
733,734,Ingrid,Harman,Rheumatology,"Vasculitis, Rheumatoid Arthritis, Spondyloarthritis, Lupus","Arabic, Hindi"
734,735,Boyd,Richardsson,Obstetrics and Gynecology,"Urogynecology, Maternal-Fetal Medicine, Gynecologic Oncology",Arabic
735,736,Elissa,Andreix,Psychiatry,"Forensic Psychiatry, Child and Adolescent Psychiatry, Geriatric Psychiatry, Addiction Psychiatry","Spanish, German"
736,737,Ade,Hixley,Radiology,"Interventional Radiology, Musculoskeletal Radiology, Breast Imaging",English
737,738,Gwyneth,Carson,Gastroenterology,"Inflammatory Bowel Disease, Advanced Endoscopy","English, Hindi"
738,739,Vale,Pidwell,Urology,"Endourology, Pediatric Urology, Urologic Oncology",English
739,740,Roger,Maylam,Infectious Diseases,"Antimicrobial Stewardship, HIV/AIDS",English
740,741,Whitaker,Whitaker,Nephrology,"Glomerular Diseases, Chronic Kidney Disease",Hindi
741,742,Lay,Sutheran,Pulmonology,"Pulmonary Hypertension, Interstitial Lung Disease, Sleep Medicine","English, German"
742,743,Allix,Crowder,Ophthalmology,"Retina, Cornea, Pediatric Ophthalmology, Glaucoma","English, Urdu"
743,744,Clementia,L'Amie,Radiology,"Neuroradiology, Breast Imaging",Hindi
744,745,Boyce,Tellesson,Pediatrics,Pediatric Neurology,"Hindi, Hindi"
745,746,Dew,Cheng,Gastroenterology,"Hepatology, Pancreatology, Advanced Endoscopy, Inflammatory Bowel Disease","English, Spanish"
746,747,Carmel,Joselson,Cardiology,"Cardiac Imaging, Interventional Cardiology","English, Arabic"
747,748,Valle,Rees,Psychiatry,"Child and Adolescent Psychiatry, Geriatric Psychiatry, Forensic Psychiatry","English, Arabic"
748,749,Morgana,Kamienski,Internal Medicine,"Primary Care, Clinical Pharmacology, Hospital Medicine, Medical Oncology","English, Hindi"
749,750,Veronique,Krabbe,Nephrology,Dialysis,"English, Arabic"
750,751,Glenden,Seegar,Pulmonology,"Sleep Medicine, Interstitial Lung Disease","English, Urdu"
751,752,Bettina,Gelland,Plastic Surgery,"Burn Surgery, Aesthetic Surgery, Reconstructive Surgery","English, Arabic"
752,753,Dawn,Obey,Internal Medicine,Medical Oncology,"English, French"
753,754,Seymour,Chisolm,Urology,"Pediatric Urology, Endourology","English, German"
754,755,Lamont,Ingrey,Emergency Medicine,"Disaster Medicine, Toxicology, Ultrasound, Pediatric Emergency Medicine","English, Arabic"
755,756,Yvonne,Slaughter,Obstetrics and Gynecology,Maternal-Fetal Medicine,French
756,757,Cheri,Witcomb,General Surgery,Minimally Invasive Surgery,"Urdu, Arabic"
757,758,Rosabel,Banton,Plastic Surgery,Burn Surgery,English
758,759,Madelon,Thrussell,Plastic Surgery,"Reconstructive Surgery, Burn Surgery","English, English"
759,760,Agustin,Cremins,Pediatrics,"Pediatric Cardiology, Pediatric Infectious Diseases, Pediatric Endocrinology",Hindi
760,761,Godart,Buten,Internal Medicine,"Medical Oncology, Clinical Pharmacology, Primary Care, Hospital Medicine","English, German"
761,762,Nicola,Kyncl,Obstetrics and Gynecology,"Gynecologic Oncology, Reproductive Endocrinology",English
762,763,Amye,Bengtsson,Geriatrics,"Memory Disorders, Multimorbidity","English, Spanish"
763,764,Rafa,Itscovitz,Otolaryngology,"Laryngology, Rhinology",French
764,765,Violetta,Rubenovic,Endocrinology,"Diabetes, Adrenal Disorders",English
765,766,Zechariah,Confait,Internal Medicine,"Primary Care, Hospital Medicine, Clinical Pharmacology","Spanish, Urdu"
766,767,Bernardine,Lortzing,Gastroenterology,Hepatology,Arabic
767,768,Thebault,Marples,Pulmonology,"Pulmonary Hypertension, Interstitial Lung Disease, Sleep Medicine, Critical Care","Hindi, French"
768,769,Laetitia,Coode,Orthopedics,"Sports Medicine, Spine Surgery, Pediatric Orthopedics, Joint Replacement",Spanish
769,770,Vera,Lowndes,Otolaryngology,"Laryngology, Head and Neck Surgery, Otology",German
770,771,Erinna,Coombs,Gastroenterology,"Inflammatory Bowel Disease, Hepatology, Advanced Endoscopy, Pancreatology","English, French"
771,772,Phyllis,Rumsby,Infectious Diseases,"Antimicrobial Stewardship, Tuberculosis, HIV/AIDS","Hindi, Urdu"
772,773,Ellie,Gravenell,General Surgery,Colorectal Surgery,"English, Arabic"
773,774,Daphene,Monnelly,Orthopedics,"Sports Medicine, Pediatric Orthopedics, Joint Replacement","Arabic, Arabic"
774,775,Rene,Heart,Nephrology,"Chronic Kidney Disease, Dialysis, Glomerular Diseases",English
775,776,Morse,Toffler,Family Medicine,"Geriatric Medicine, Adolescent Medicine","German, Hindi"
776,777,Rona,Arnaez,Obstetrics and Gynecology,"Reproductive Endocrinology, Urogynecology, Maternal-Fetal Medicine, Gynecologic Oncology",English
777,778,Desiree,De Carolis,Obstetrics and Gynecology,Reproductive Endocrinology,Hindi
778,779,Hobie,Harty,Nephrology,"Dialysis, Transplant Nephrology, Glomerular Diseases","English, Hindi"
779,780,Elton,Gawler,Geriatrics,Palliative Care,Arabic
780,781,Tadd,Dodds,Plastic Surgery,"Reconstructive Surgery, Burn Surgery",English
781,782,Norry,Perche,General Surgery,Colorectal Surgery,Spanish
782,783,Frankie,Woollaston,Orthopedics,Pediatric Orthopedics,Arabic
783,784,Margarete,Nesbit,Radiology,"Neuroradiology, Interventional Radiology, Musculoskeletal Radiology","English, English"
784,785,Kincaid,Rostron,Gastroenterology,"Hepatology, Inflammatory Bowel Disease","English, Hindi"
785,786,Fidelity,Coulthard,Internal Medicine,"Hospital Medicine, Primary Care, Clinical Pharmacology, Medical Oncology",English
786,787,Chev,Danelutti,Orthopedics,"Joint Replacement, Sports Medicine, Pediatric Orthopedics, Spine Surgery","French, English"
787,788,Dominick,McGillacoell,Dermatology,"Cosmetic Dermatology, Pediatric Dermatology, Dermatopathology",English
788,789,Querida,Taylder,Family Medicine,"Adolescent Medicine, Preventive Care",Arabic
789,790,Anetta,Dykins,Pediatrics,Pediatric Endocrinology,"Arabic, Hindi"
790,791,Wernher,Hedgecock,Radiology,Breast Imaging,English
791,792,Quentin,Glisenan,Infectious Diseases,"Antimicrobial Stewardship, Tropical Diseases",English
792,793,Angie,Schwerin,Urology,"Urologic Oncology, Endourology","Urdu, English"
793,794,Micki,Harbage,Orthopedics,"Sports Medicine, Spine Surgery","Arabic, Arabic"
794,795,Erminia,Jandac,Pulmonology,"Interstitial Lung Disease, Critical Care",Arabic
795,796,Audie,Durman,General Surgery,"Breast Surgery, Minimally Invasive Surgery","English, German"
796,797,Lucia,Glenister,Pulmonology,"Pulmonary Hypertension, Interstitial Lung Disease, Sleep Medicine, Critical Care","Arabic, German"
797,798,Fidelity,Mattheissen,Emergency Medicine,"Ultrasound, Disaster Medicine, Toxicology",German
798,799,Gregoor,Walas,Urology,"Pediatric Urology, Female Urology, Urologic Oncology, Endourology","Arabic, Urdu"
799,800,Langston,Deacock,Urology,"Pediatric Urology, Urologic Oncology","English, Arabic"
800,801,Roze,Herety,Geriatrics,Palliative Care,"English, Urdu"
801,802,Erich,Skeath,Ophthalmology,"Pediatric Ophthalmology, Retina, Cornea, Glaucoma","English, French"
802,803,Cleopatra,Bedder,Radiology,"Musculoskeletal Radiology, Interventional Radiology","Arabic, French"
803,804,Andromache,Larenson,Pediatrics,"Pediatric Infectious Diseases, Pediatric Cardiology, Pediatric Endocrinology","Urdu, German"
804,805,Malchy,Lemerie,Radiology,"Musculoskeletal Radiology, Breast Imaging","German, Hindi"
805,806,Sylas,Amorine,Pediatrics,"Pediatric Cardiology, Pediatric Endocrinology, Pediatric Infectious Diseases, Pediatric Neurology",English
806,807,Olivero,Handslip,Emergency Medicine,Disaster Medicine,"Arabic, Arabic"
807,808,Anthe,Dismore,Dermatology,"Dermatopathology, Pediatric Dermatology","Arabic, French"
808,809,Leda,Glossop,Radiology,"Musculoskeletal Radiology, Neuroradiology",English
809,810,Wit,Berick,Radiology,"Interventional Radiology, Breast Imaging",English
810,811,Cathy,Roskilly,Dermatology,"Mohs Surgery, Pediatric Dermatology","Arabic, German"
811,812,Kaile,McWhorter,General Surgery,Minimally Invasive Surgery,"Hindi, Arabic"
812,813,Bertha,Paulmann,Obstetrics and Gynecology,Urogynecology,English
813,814,Caralie,Flobert,Geriatrics,"Falls and Balance, Palliative Care","Arabic, English"
814,815,Farah,Choupin,Pulmonology,"Pulmonary Hypertension, Interstitial Lung Disease",English
815,816,Layla,Goodrum,Oncology,"Hematologic Malignancies, Palliative Oncology, Breast Cancer, Lung Cancer","English, German"
816,817,Jamaal,Padefield,Orthopedics,"Sports Medicine, Joint Replacement, Pediatric Orthopedics, Spine Surgery","Urdu, English"
817,818,Lisha,Dyzart,Obstetrics and Gynecology,Gynecologic Oncology,English
818,819,Yanaton,Strewther,Neurology,Stroke,English
819,820,Goldi,Hobden,Ophthalmology,"Retina, Glaucoma",English
820,821,Gaile,Spencer,Pediatrics,"Pediatric Cardiology, Pediatric Endocrinology, Pediatric Neurology","French, French"
821,822,Jarvis,Kirke,Pulmonology,"Interstitial Lung Disease, Pulmonary Hypertension","Spanish, English"
822,823,Corny,Larvent,Obstetrics and Gynecology,"Gynecologic Oncology, Reproductive Endocrinology",Hindi
823,824,Susie,Kybird,Urology,"Pediatric Urology, Endourology",English
824,825,Gena,Hyder,Pulmonology,"Interstitial Lung Disease, Pulmonary Hypertension, Critical Care","Urdu, Spanish"
825,826,Mal,Kobierra,Pediatrics,"Pediatric Endocrinology, Pediatric Neurology, Pediatric Cardiology, Pediatric Infectious Diseases","English, Urdu"
826,827,Neala,Meadmore,Dermatology,"Cosmetic Dermatology, Dermatopathology, Pediatric Dermatology",English
827,828,Yance,Holgan,Plastic Surgery,"Reconstructive Surgery, Burn Surgery","Hindi, Arabic"
828,829,Wilek,LaBastida,Infectious Diseases,"Tuberculosis, Antimicrobial Stewardship, Tropical Diseases","English, English"
829,830,Alva,Reader,Neurology,"Neuromuscular Disorders, Multiple Sclerosis",English
830,831,Vachel,Oiller,Emergency Medicine,"Ultrasound, Toxicology, Pediatric Emergency Medicine, Disaster Medicine","English, Spanish"
831,832,Bendix,Dallaway,Endocrinology,"Diabetes, Thyroid Disorders, Adrenal Disorders","English, Hindi"
832,833,Boyce,Pilpovic,Gastroenterology,"Pancreatology, Advanced Endoscopy",English
833,834,Nancey,Berzins,Nephrology,"Glomerular Diseases, Transplant Nephrology, Dialysis, Chronic Kidney Disease",English
834,835,Carin,Lauret,Urology,"Urologic Oncology, Female Urology","German, English"
835,836,Torin,Leddy,Hematology,"Lymphoma, Anemia","English, Urdu"
836,837,Stillmann,Minette,General Surgery,"Breast Surgery, Minimally Invasive Surgery","English, Hindi"
837,838,Karie,Middlemass,Pulmonology,"Sleep Medicine, Critical Care, Pulmonary Hypertension","Urdu, Spanish"
838,839,Stavros,Stollsteimer,Plastic Surgery,"Reconstructive Surgery, Craniofacial Surgery",Hindi
839,840,Eleanor,Mayoral,Oncology,"Breast Cancer, Hematologic Malignancies, Lung Cancer, Palliative Oncology","English, Arabic"
840,841,Jodie,Gaze,Internal Medicine,"Primary Care, Clinical Pharmacology, Medical Oncology, Hospital Medicine","English, Urdu"
841,842,Rodney,Teml,Geriatrics,"Palliative Care, Falls and Balance, Multimorbidity, Memory Disorders","German, French"
842,843,Wildon,Oleszkiewicz,Infectious Diseases,"Tropical Diseases, HIV/AIDS, Tuberculosis","English, German"
843,844,Mahala,Date,Gastroenterology,"Pancreatology, Inflammatory Bowel Disease, Advanced Endoscopy, Hepatology",Arabic
844,845,Keefe,Dewire,Obstetrics and Gynecology,Gynecologic Oncology,"English, German"
845,846,Krystyna,McCullock,Family Medicine,"Adolescent Medicine, Women's Health, Geriatric Medicine","English, Hindi"
846,847,Guillaume,Mum,Plastic Surgery,"Craniofacial Surgery, Aesthetic Surgery",English
847,848,Steffane,Willshear,Geriatrics,Multimorbidity,"English, English"
848,849,Kingsly,Snoden,Otolaryngology,"Rhinology, Head and Neck Surgery, Otology","Spanish, Spanish"
849,850,Guillema,Cricket,Rheumatology,"Rheumatoid Arthritis, Vasculitis, Lupus, Spondyloarthritis","English, Urdu"
850,851,Pauline,Schrinel,General Surgery,"Colorectal Surgery, Trauma Surgery, Minimally Invasive Surgery, Breast Surgery",English
851,852,Blair,Duval,Plastic Surgery,"Burn Surgery, Reconstructive Surgery","Arabic, French"
852,853,Vaughan,Garratt,Neurology,"Multiple Sclerosis, Stroke, Neuromuscular Disorders, Epilepsy","Arabic, Hindi"
853,854,Haydon,Shouler,Family Medicine,"Adolescent Medicine, Preventive Care, Geriatric Medicine, Women's Health",Arabic
854,855,Boycey,Braybrooks,Pediatrics,"Pediatric Infectious Diseases, Pediatric Cardiology, Pediatric Neurology",English
855,856,Lazarus,Platts,Internal Medicine,"Primary Care, Hospital Medicine, Clinical Pharmacology, Medical Oncology","English, German"
856,857,Sal,Greener,Neurology,"Neuromuscular Disorders, Stroke, Epilepsy, Multiple Sclerosis","English, Hindi"
857,858,Cheri,Erickson,Hematology,Lymphoma,"Arabic, English"
858,859,Andres,Penhall,Cardiology,"Cardiac Imaging, Pediatric Cardiology, Interventional Cardiology, Electrophysiology","Arabic, English"
859,860,Thor,Kopfen,Ophthalmology,Glaucoma,"English, French"
860,861,Anissa,Kick,Family Medicine,Preventive Care,"Urdu, Hindi"
861,862,Allyn,Dow,Oncology,"Hematologic Malignancies, Lung Cancer","Urdu, English"
862,863,Otho,Harlock,Cardiology,"Heart Failure, Interventional Cardiology, Electrophysiology, Pediatric Cardiology, Cardiac Imaging","English, French"
863,864,Farlie,Ealden,Obstetrics and Gynecology,Maternal-Fetal Medicine,Urdu
864,865,Michaella,Hassur,General Surgery,"Breast Surgery, Colorectal Surgery, Minimally Invasive Surgery","Urdu, Arabic"
865,866,Ray,Goosnell,Radiology,"Breast Imaging, Interventional Radiology, Neuroradiology, Musculoskeletal Radiology","English, English"
866,867,Agneta,Tavner,Cardiology,"Cardiac Imaging, Heart Failure, Pediatric Cardiology, Interventional Cardiology","English, French"
867,868,Crichton,Frears,Dermatology,"Mohs Surgery, Cosmetic Dermatology","French, English"
868,869,Kizzie,Bligh,Obstetrics and Gynecology,"Maternal-Fetal Medicine, Urogynecology, Gynecologic Oncology, Reproductive Endocrinology",Urdu
869,870,Clarine,Hugo,Emergency Medicine,"Toxicology, Ultrasound",Arabic
870,871,Frank,Quittonden,Dermatology,"Dermatopathology, Pediatric Dermatology, Cosmetic Dermatology","English, English"
871,872,Laurel,Braham,Urology,"Urologic Oncology, Endourology, Female Urology, Pediatric Urology","English, Hindi"
872,873,Anton,Braid,Radiology,"Musculoskeletal Radiology, Neuroradiology, Interventional Radiology","Hindi, Urdu"
873,874,Latrena,Coetzee,Obstetrics and Gynecology,"Gynecologic Oncology, Urogynecology, Maternal-Fetal Medicine",Hindi
874,875,Tabatha,Woolfoot,Obstetrics and Gynecology,"Urogynecology, Gynecologic Oncology",Arabic
875,876,Jameson,Dutt,Rheumatology,Vasculitis,"Hindi, Urdu"
876,877,Madelina,Ciraldo,Gastroenterology,"Pancreatology, Hepatology, Advanced Endoscopy, Inflammatory Bowel Disease",Hindi
877,878,Letisha,Edis,Gastroenterology,Inflammatory Bowel Disease,"Arabic, English"
878,879,Leoine,Corradetti,Dermatology,"Cosmetic Dermatology, Dermatopathology, Pediatric Dermatology, Mohs Surgery","French, Urdu"
879,880,Arly,Scarce,Cardiology,Cardiac Imaging,Spanish
880,881,Prescott,Americi,Geriatrics,"Multimorbidity, Palliative Care, Falls and Balance, Memory Disorders","German, Spanish"
881,882,Fara,Troyes,Pulmonology,Sleep Medicine,"Urdu, Hindi"
882,883,Gracia,Wymer,Geriatrics,"Memory Disorders, Multimorbidity, Palliative Care, Falls and Balance","Spanish, Spanish"
883,884,Chiarra,Towe,Endocrinology,"Pituitary Disorders, Thyroid Disorders","English, Urdu"
884,885,Clo,Loveguard,Family Medicine,"Geriatric Medicine, Women's Health","English, German"
885,886,Alyson,Rolls,Gastroenterology,"Hepatology, Inflammatory Bowel Disease","English, French"
886,887,Turner,Renols,Pulmonology,"Pulmonary Hypertension, Sleep Medicine","Spanish, English"
887,888,Ingrim,Noad,Dermatology,"Dermatopathology, Cosmetic Dermatology, Pediatric Dermatology",English
888,889,Olivia,Martyntsev,Internal Medicine,"Medical Oncology, Primary Care","Urdu, Urdu"
889,890,Lindi,Tossell,Plastic Surgery,"Burn Surgery, Craniofacial Surgery, Reconstructive Surgery","Arabic, Arabic"
890,891,North,Kilday,Nephrology,Dialysis,"English, Spanish"
891,892,Craggie,Askell,Geriatrics,Palliative Care,English
892,893,Osborne,MacCafferky,Ophthalmology,Pediatric Ophthalmology,Hindi
893,894,Maryjo,Bimrose,Emergency Medicine,Pediatric Emergency Medicine,"Urdu, German"
894,895,Natka,Ashwood,Ophthalmology,"Glaucoma, Pediatric Ophthalmology","Arabic, Urdu"
895,896,Marshal,Wattingham,General Surgery,"Colorectal Surgery, Minimally Invasive Surgery","Spanish, English"
896,897,Jule,Hannaway,Pulmonology,Interstitial Lung Disease,English
897,898,Joshia,Rodolfi,Urology,Pediatric Urology,Urdu
898,899,Elna,Earlam,Psychiatry,Child and Adolescent Psychiatry,"Arabic, Hindi"
899,900,Hazlett,Penburton,Plastic Surgery,Reconstructive Surgery,English
900,901,Magdalen,Mullins,Family Medicine,"Adolescent Medicine, Women's Health","English, Urdu"
901,902,Martguerita,Week,Nephrology,"Glomerular Diseases, Chronic Kidney Disease","Urdu, Hindi"
902,903,Shara,Berzins,General Surgery,"Trauma Surgery, Colorectal Surgery","French, Arabic"
903,904,Whitney,Kendell,Psychiatry,"Forensic Psychiatry, Addiction Psychiatry, Child and Adolescent Psychiatry","English, Urdu"
904,905,Christoph,Rollason,Otolaryngology,Head and Neck Surgery,"French, Arabic"
905,906,Ludvig,Jeanin,General Surgery,"Trauma Surgery, Minimally Invasive Surgery, Colorectal Surgery, Breast Surgery","Spanish, French"
906,907,Stephine,Clench,Rheumatology,"Spondyloarthritis, Lupus, Vasculitis, Rheumatoid Arthritis","English, Spanish"
907,908,Caryl,Sarginson,General Surgery,"Minimally Invasive Surgery, Colorectal Surgery, Breast Surgery","Arabic, French"
908,909,Hi,O'Scollain,Infectious Diseases,"Tuberculosis, HIV/AIDS, Antimicrobial Stewardship, Tropical Diseases","Arabic, Urdu"
909,910,Wells,Craddy,Obstetrics and Gynecology,Reproductive Endocrinology,"English, Urdu"
910,911,Ciro,Gunny,Cardiology,"Pediatric Cardiology, Interventional Cardiology, Cardiac Imaging, Heart Failure, Electrophysiology","English, Spanish"
911,912,Charo,Gonneau,Oncology,"Breast Cancer, Lung Cancer",English
912,913,Dehlia,Abrahams,Obstetrics and Gynecology,Maternal-Fetal Medicine,"Arabic, French"
913,914,Roana,Burkwood,Plastic Surgery,Reconstructive Surgery,"Arabic, English"
914,915,Araldo,Lowless,Neurology,Stroke,"English, Hindi"
915,916,Osgood,Allsobrook,Otolaryngology,Laryngology,"French, English"
916,917,Tuckie,Guntrip,Endocrinology,"Thyroid Disorders, Pituitary Disorders","German, English"
917,918,Maggi,Walden,Gastroenterology,"Advanced Endoscopy, Inflammatory Bowel Disease, Hepatology, Pancreatology","English, Arabic"
918,919,Gretna,Pylkynyton,Cardiology,"Heart Failure, Cardiac Imaging, Electrophysiology, Interventional Cardiology, Pediatric Cardiology",English
919,920,Clementina,Vergo,Oncology,"Lung Cancer, Palliative Oncology, Hematologic Malignancies","English, Hindi"
920,921,Efren,Clacey,Neurology,Epilepsy,"Hindi, German"
921,922,Brandy,Bartels-Ellis,Hematology,"Leukemia, Coagulation Disorders",English
922,923,Aldous,Mowlam,Otolaryngology,"Head and Neck Surgery, Rhinology, Otology, Laryngology","Hindi, German"
923,924,Binnie,Kindread,Pediatrics,"Pediatric Neurology, Pediatric Endocrinology, Pediatric Infectious Diseases","English, English"
924,925,Simonne,Towler,Rheumatology,"Lupus, Vasculitis, Rheumatoid Arthritis",Spanish
925,926,Phyllis,Jardein,Family Medicine,"Adolescent Medicine, Preventive Care","English, English"
926,927,Maurise,Danielot,Cardiology,Pediatric Cardiology,"Urdu, French"
927,928,Noell,Sedgemore,General Surgery,Minimally Invasive Surgery,English
928,929,Ermengarde,Stockbridge,Neurology,"Stroke, Multiple Sclerosis","English, French"
929,930,Gaile,MacCrackan,Cardiology,"Pediatric Cardiology, Cardiac Imaging, Heart Failure, Electrophysiology, Interventional Cardiology",Urdu
930,931,Dulci,Shills,Pediatrics,Pediatric Cardiology,"English, Arabic"
931,932,Silas,Privost,Neurology,"Epilepsy, Multiple Sclerosis, Stroke","English, Urdu"
932,933,Carroll,Tatem,Urology,"Pediatric Urology, Female Urology, Urologic Oncology, Endourology","English, Spanish"
933,934,Andrea,Spight,Cardiology,Electrophysiology,"English, Urdu"
934,935,Lolly,Stormouth,Hematology,"Coagulation Disorders, Anemia, Leukemia",Arabic
935,936,Codi,Andriolli,Internal Medicine,"Primary Care, Medical Oncology","English, Hindi"
936,937,Devon,Gauntley,Oncology,"Palliative Oncology, Lung Cancer, Hematologic Malignancies, Breast Cancer","Spanish, English"
937,938,Zerk,Mott,Pediatrics,"Pediatric Neurology, Pediatric Infectious Diseases, Pediatric Endocrinology","Urdu, Urdu"
938,939,Emmy,Likely,Orthopedics,"Joint Replacement, Spine Surgery, Pediatric Orthopedics","Arabic, English"
939,940,Worth,Marns,Plastic Surgery,Burn Surgery,"English, Hindi"
940,941,Avrom,Wade,Otolaryngology,Head and Neck Surgery,Urdu
941,942,Hanny,Bonifas,Obstetrics and Gynecology,Maternal-Fetal Medicine,English
942,943,Modestine,Russan,Ophthalmology,Glaucoma,English
943,944,Jared,Chanson,Dermatology,Dermatopathology,English
944,945,Isahella,Scroggins,Gastroenterology,Pancreatology,"English, Hindi"
945,946,Loy,Draper,General Surgery,"Breast Surgery, Minimally Invasive Surgery, Trauma Surgery, Colorectal Surgery","Hindi, Hindi"
946,947,Chan,Dairton,Oncology,"Lung Cancer, Hematologic Malignancies, Palliative Oncology","English, English"
947,948,Xena,Dartan,Gastroenterology,Advanced Endoscopy,Urdu
948,949,Carrol,Holtham,Pediatrics,"Pediatric Endocrinology, Pediatric Neurology",English
949,950,Leif,Harback,Radiology,Musculoskeletal Radiology,"English, English"
950,951,Matthiew,Eastup,Geriatrics,"Memory Disorders, Multimorbidity, Palliative Care","Hindi, Urdu"
951,952,Lay,Dury,Orthopedics,"Sports Medicine, Joint Replacement, Spine Surgery","Arabic, Urdu"
952,953,Jacquetta,Macek,Hematology,"Anemia, Coagulation Disorders, Lymphoma",Spanish
953,954,Felic,Borzone,Dermatology,Mohs Surgery,"Hindi, German"
954,955,Nathalie,Daniele,Plastic Surgery,"Burn Surgery, Reconstructive Surgery, Craniofacial Surgery","English, French"
955,956,Laryssa,Henryson,Orthopedics,"Pediatric Orthopedics, Sports Medicine","Urdu, French"
956,957,Dougie,Brettell,Nephrology,"Glomerular Diseases, Transplant Nephrology",English
957,958,Kaleb,Levison,General Surgery,"Minimally Invasive Surgery, Trauma Surgery","Urdu, Urdu"
958,959,Lilias,Cardinale,Dermatology,"Pediatric Dermatology, Cosmetic Dermatology, Mohs Surgery","Spanish, Spanish"
959,960,Riannon,Waldram,Cardiology,"Interventional Cardiology, Pediatric Cardiology, Cardiac Imaging, Heart Failure, Electrophysiology","English, Spanish"
960,961,Nero,Saladino,Nephrology,Dialysis,"English, German"
961,962,Allx,Ten Broek,Neurology,"Stroke, Multiple Sclerosis, Epilepsy, Neuromuscular Disorders",English
962,963,Currie,Gabe,Hematology,Lymphoma,"German, Arabic"
963,964,Elsey,Brandham,Infectious Diseases,"Antimicrobial Stewardship, Tropical Diseases, Tuberculosis",English
964,965,Faulkner,Kuhnert,Hematology,"Anemia, Coagulation Disorders","English, Spanish"
965,966,Clarice,Eburne,Gastroenterology,"Advanced Endoscopy, Inflammatory Bowel Disease","Urdu, English"
966,967,Feliks,Wateridge,Ophthalmology,"Cornea, Pediatric Ophthalmology, Retina","English, English"
967,968,Emilio,Ennew,Endocrinology,"Thyroid Disorders, Adrenal Disorders, Pituitary Disorders, Diabetes","English, Hindi"
968,969,Burt,Essberger,Urology,"Female Urology, Endourology, Urologic Oncology, Pediatric Urology","English, German"
969,970,Raoul,Brinkworth,Rheumatology,"Vasculitis, Spondyloarthritis, Lupus",English
970,971,Joana,Lampitt,Geriatrics,"Multimorbidity, Falls and Balance, Memory Disorders, Palliative Care",English
971,972,Dale,Orniz,Internal Medicine,"Medical Oncology, Clinical Pharmacology","English, English"
972,973,Kipp,Wyley,Neurology,"Epilepsy, Multiple Sclerosis","English, Spanish"
973,974,Dominic,Bigly,Psychiatry,Forensic Psychiatry,English
974,975,Bartel,Scrine,Neurology,"Multiple Sclerosis, Epilepsy","English, Hindi"
975,976,Mandel,Grigsby,Nephrology,Chronic Kidney Disease,Arabic
976,977,Saunders,MacAlroy,Geriatrics,"Multimorbidity, Memory Disorders, Falls and Balance","English, German"
977,978,Tim,Dahl,Dermatology,"Pediatric Dermatology, Mohs Surgery, Dermatopathology, Cosmetic Dermatology","English, Spanish"
978,979,Merridie,Osgar,Geriatrics,Palliative Care,"Arabic, Arabic"
979,980,Lezlie,Redwall,Pediatrics,"Pediatric Cardiology, Pediatric Neurology","English, French"
980,981,Ursula,Poore,Orthopedics,Sports Medicine,"English, French"
981,982,Kathy,Hartness,Dermatology,"Dermatopathology, Pediatric Dermatology, Cosmetic Dermatology","Arabic, English"
982,983,Hashim,Matas,Infectious Diseases,"Tuberculosis, Tropical Diseases","English, Arabic"
983,984,Morty,Rive,Psychiatry,"Child and Adolescent Psychiatry, Forensic Psychiatry, Geriatric Psychiatry","French, German"
984,985,Kassia,De Ortega,Infectious Diseases,"Tropical Diseases, HIV/AIDS, Tuberculosis",English
985,986,Levi,Dunsleve,Geriatrics,"Multimorbidity, Falls and Balance, Memory Disorders","French, Urdu"
986,987,Frannie,Salway,Emergency Medicine,"Toxicology, Disaster Medicine",Arabic
987,988,Luke,Aisman,Infectious Diseases,HIV/AIDS,"Hindi, Urdu"
988,989,Vasilis,Joust,Pediatrics,"Pediatric Endocrinology, Pediatric Infectious Diseases","Spanish, Hindi"
989,990,Sylvester,Iwaszkiewicz,Pulmonology,"Pulmonary Hypertension, Critical Care, Sleep Medicine, Interstitial Lung Disease","English, French"
990,991,Ebenezer,Canland,Radiology,"Interventional Radiology, Breast Imaging, Musculoskeletal Radiology","English, English"
991,992,Jone,Rowlings,General Surgery,Colorectal Surgery,"English, German"
992,993,Nissie,Fasham,Pulmonology,Critical Care,Urdu
993,994,Gilbertine,Olivello,Geriatrics,"Multimorbidity, Palliative Care, Memory Disorders","English, Urdu"
994,995,Karine,Southern,Radiology,"Musculoskeletal Radiology, Breast Imaging, Neuroradiology, Interventional Radiology",German
995,996,Lorettalorna,Beurich,Dermatology,"Dermatopathology, Pediatric Dermatology",English
996,997,Lilah,Bemand,Oncology,"Breast Cancer, Palliative Oncology, Lung Cancer, Hematologic Malignancies","Spanish, Spanish"
997,998,Tann,Boys,Emergency Medicine,"Toxicology, Disaster Medicine, Ultrasound, Pediatric Emergency Medicine","German, Spanish"
998,999,Ninnette,Vanyashkin,Internal Medicine,"Primary Care, Clinical Pharmacology, Medical Oncology","Urdu, English"
999,1000,Austen,Bishop,Endocrinology,"Adrenal Disorders, Pituitary Disorders",Urdu
